{"stats":{"minecraft:killed_by":{"minecraft:piglin_brute":1,"minecraft:piglin":2},"minecraft:used":{"minecraft:stone_sword":158,"minecraft:shield":58,"minecraft:bell":1,"minecraft:iron_sword":224,"minecraft:oak_door":1,"minecraft:cooked_chicken":3,"minecraft:rotten_flesh":5,"minecraft:netherrack":42,"minecraft:iron_chestplate":1,"minecraft:torch":378,"minecraft:dirt":30,"minecraft:hopper":2,"minecraft:carrot":159,"minecraft:golden_shovel":137,"minecraft:diamond_helmet":3,"minecraft:tuff":11,"minecraft:obsidian":3,"minecraft:lava_bucket":8,"minecraft:iron_axe":55,"minecraft:iron_boots":1,"minecraft:golden_carrot":17,"minecraft:barrel":4,"minecraft:diamond_chestplate":2,"minecraft:light_gray_wool":1,"minecraft:furnace":2,"minecraft:egg":1,"minecraft:cooked_mutton":13,"minecraft:cooked_beef":23,"minecraft:golden_boots":3,"minecraft:cobbled_deepslate":113,"minecraft:iron_leggings":1,"minecraft:water_bucket":60,"minecraft:wheat_seeds":798,"minecraft:amethyst_block":1,"minecraft:diamond_boots":2,"minecraft:ender_pearl":2,"minecraft:oak_planks":21,"minecraft:stone_pickaxe":448,"minecraft:blackstone":3,"minecraft:sugar_cane":175,"minecraft:polished_blackstone_bricks":91,"minecraft:white_wool":3,"minecraft:rail":1,"minecraft:crafting_table":10,"minecraft:white_bed":6,"minecraft:redstone_torch":2,"minecraft:diamond_pickaxe":34,"minecraft:bread":50,"minecraft:iron_pickaxe":798,"minecraft:gravel":1,"minecraft:diamond_sword":92,"minecraft:fishing_rod":4,"minecraft:cobblestone":117,"minecraft:cooked_porkchop":17,"minecraft:bucket":70,"minecraft:yellow_bed":5,"minecraft:diamond_leggings":3,"minecraft:bone_meal":6},"minecraft:mined":{"minecraft:tuff":36,"minecraft:white_bed":6,"minecraft:deepslate_diamond_ore":21,"minecraft:obsidian":7,"minecraft:glow_lichen":1,"minecraft:granite":1,"minecraft:chiseled_polished_blackstone":1,"minecraft:grass_block":113,"minecraft:cracked_polished_blackstone_bricks":12,"minecraft:hopper":2,"minecraft:oxeye_daisy":1,"minecraft:spawner":3,"minecraft:gilded_blackstone":1,"minecraft:hay_block":8,"minecraft:polished_blackstone_bricks":91,"minecraft:redstone_ore":3,"minecraft:carrots":139,"minecraft:iron_ore":163,"minecraft:fire":2,"minecraft:cobbled_deepslate":2,"minecraft:andesite":10,"minecraft:deepslate_lapis_ore":5,"minecraft:gold_block":9,"minecraft:bell":1,"minecraft:pointed_dripstone":8,"minecraft:deepslate_iron_ore":42,"minecraft:rail":65,"minecraft:oak_stairs":1,"minecraft:lantern":1,"minecraft:stone":141,"minecraft:redstone_wall_torch":1,"minecraft:deepslate_redstone_ore":14,"minecraft:glass_pane":1,"minecraft:blackstone":9,"minecraft:lily_of_the_valley":2,"minecraft:basalt":5,"minecraft:dandelion":5,"minecraft:oak_fence":1,"minecraft:crafting_table":2,"minecraft:torch":10,"minecraft:short_grass":394,"minecraft:calcite":2,"minecraft:warped_roots":2,"minecraft:nether_quartz_ore":72,"minecraft:copper_ore":9,"minecraft:smooth_quartz_slab":1,"minecraft:tall_grass":85,"minecraft:cobblestone":15,"minecraft:deepslate_gold_ore":9,"minecraft:lapis_ore":5,"minecraft:oak_planks":12,"minecraft:sugar_cane":420,"minecraft:wall_torch":8,"minecraft:diorite":4,"minecraft:amethyst_block":5,"minecraft:warped_wart_block":7,"minecraft:pink_petals":5,"minecraft:chain":1,"minecraft:warped_nylium":3,"minecraft:wheat":649,"minecraft:birch_leaves":1,"minecraft:yellow_bed":4,"minecraft:coal_ore":190,"minecraft:oak_log":40,"minecraft:gravel":5,"minecraft:dirt":31,"minecraft:cobweb":76,"minecraft:smooth_basalt":7,"minecraft:raw_copper_block":1,"minecraft:netherrack":89,"minecraft:gold_ore":13,"minecraft:oak_leaves":8,"minecraft:deepslate":161},"minecraft:crafted":{"minecraft:oak_door":3,"minecraft:oak_planks":160,"minecraft:fishing_rod":1,"minecraft:cooked_chicken":3,"minecraft:furnace":2,"minecraft:cooked_mutton":13,"minecraft:hopper":1,"minecraft:bow":1,"minecraft:diamond_helmet":1,"minecraft:diamond_leggings":2,"minecraft:iron_boots":1,"minecraft:iron_axe":1,"minecraft:iron_hoe":1,"minecraft:stone_pickaxe":5,"minecraft:chest":1,"minecraft:diamond_boots":1,"minecraft:wheat":72,"minecraft:cooked_beef":28,"minecraft:diamond_sword":1,"minecraft:cooked_porkchop":22,"minecraft:crafting_table":8,"minecraft:iron_sword":1,"minecraft:bread":80,"minecraft:air":0,"minecraft:iron_chestplate":1,"minecraft:paper":108,"minecraft:diamond_pickaxe":1,"minecraft:shield":2,"minecraft:stick":108,"minecraft:iron_ingot":154,"minecraft:iron_pickaxe":3,"minecraft:stone_sword":1,"minecraft:iron_leggings":1,"minecraft:redstone_torch":2,"minecraft:torch":280,"minecraft:diamond_chestplate":1},"minecraft:custom":{"minecraft:mob_kills":116,"minecraft:animals_bred":164,"minecraft:inspect_hopper":3,"minecraft:interact_with_crafting_table":53,"minecraft:open_barrel":34,"minecraft:bell_ring":45,"minecraft:leave_game":8,"minecraft:time_since_death":285526,"minecraft:climb_one_cm":829,"minecraft:sprint_one_cm":1631234,"minecraft:walk_one_cm":1566619,"minecraft:damage_blocked_by_shield":3784,"minecraft:drop":96,"minecraft:talked_to_villager":6,"minecraft:play_time":617178,"minecraft:deaths":4,"minecraft:sneak_time":13586,"minecraft:walk_under_water_one_cm":47021,"minecraft:jump":9068,"minecraft:walk_on_water_one_cm":105472,"minecraft:enchant_item":6,"minecraft:total_world_time":617178,"minecraft:interact_with_furnace":66,"minecraft:play_record":4,"minecraft:sleep_in_bed":26,"minecraft:time_since_rest":17013,"minecraft:damage_taken":7370,"minecraft:damage_dealt":15252,"minecraft:swim_one_cm":67360,"minecraft:fly_one_cm":1647223,"minecraft:open_chest":182,"minecraft:crouch_one_cm":58426,"minecraft:fish_caught":3,"minecraft:fall_one_cm":247093},"minecraft:dropped":{"minecraft:water_bucket":1,"minecraft:bread":20,"minecraft:wheat_seeds":4,"minecraft:lapis_lazuli":49,"minecraft:diamond":1,"minecraft:dripstone_block":1,"minecraft:feather":1,"minecraft:oak_fence":4,"minecraft:iron_helmet":1,"minecraft:cobblestone":19,"minecraft:warped_roots":3,"minecraft:rail":4,"minecraft:pufferfish":1,"minecraft:stick":3,"minecraft:cracked_polished_blackstone_bricks":2,"minecraft:dirt":2,"minecraft:raw_copper_block":2,"minecraft:diorite":1,"minecraft:torch":26,"minecraft:iron_leggings":2,"minecraft:gold_nugget":11,"minecraft:gilded_blackstone":3,"minecraft:bone_meal":1,"minecraft:string":33,"minecraft:white_wool":2,"minecraft:dandelion":2,"minecraft:oak_door":2,"minecraft:blackstone":1,"minecraft:sugar_cane":2,"minecraft:cobbled_deepslate":12,"minecraft:raw_copper":6,"minecraft:tuff":41,"minecraft:wheat":2,"minecraft:obsidian":4,"minecraft:pointed_dripstone":2,"minecraft:rotten_flesh":9,"minecraft:oak_planks":9,"minecraft:iron_hoe":1,"minecraft:lily_of_the_valley":2,"minecraft:iron_chestplate":2,"minecraft:oak_sapling":1,"minecraft:redstone_torch":2,"minecraft:barrel":4,"minecraft:arrow":2,"minecraft:powered_rail":3,"minecraft:raw_gold":1},"minecraft:killed":{"minecraft:cave_spider":8,"minecraft:spider":7,"minecraft:slime":10,"minecraft:phantom":2,"minecraft:skeleton":11,"minecraft:chicken":5,"minecraft:magma_cube":4,"minecraft:pig":12,"minecraft:salmon":7,"minecraft:hoglin":1,"minecraft:creeper":1,"minecraft:sheep":8,"minecraft:zombie":14,"minecraft:enderman":2,"minecraft:cow":21},"minecraft:picked_up":{"minecraft:iron_chestplate":3,"minecraft:crafting_table":2,"minecraft:wheat":564,"minecraft:chicken":3,"minecraft:gold_block":8,"minecraft:golden_shovel":1,"minecraft:gilded_blackstone":3,"minecraft:shield":2,"minecraft:amethyst_block":1,"minecraft:string":120,"minecraft:raw_copper":44,"minecraft:iron_leggings":2,"minecraft:pufferfish":1,"minecraft:blackstone":4,"minecraft:gold_nugget":5,"minecraft:cobbled_deepslate":183,"minecraft:bucket":1,"minecraft:beef":33,"minecraft:redstone_torch":2,"minecraft:iron_pickaxe":2,"minecraft:light_gray_wool":1,"minecraft:sugar_cane":731,"minecraft:phantom_membrane":2,"minecraft:iron_boots":1,"minecraft:raw_copper_block":2,"minecraft:egg":3,"minecraft:raw_iron":221,"minecraft:stick":15,"minecraft:music_disc_blocks":4,"minecraft:oak_door":2,"minecraft:oak_fence":4,"minecraft:torch":134,"minecraft:porkchop":20,"minecraft:polished_blackstone_bricks":86,"minecraft:pointed_dripstone":9,"minecraft:diorite":5,"minecraft:carrot":481,"minecraft:redstone":73,"minecraft:stone_sword":1,"minecraft:arrow":8,"minecraft:rotten_flesh":28,"minecraft:hay_block":8,"minecraft:obsidian":18,"minecraft:mutton":16,"minecraft:cod":2,"minecraft:rail":67,"minecraft:white_wool":14,"minecraft:cobblestone":164,"minecraft:oxeye_daisy":1,"minecraft:pink_petals":17,"minecraft:feather":1,"minecraft:cooked_beef":194,"minecraft:andesite":8,"minecraft:golden_carrot":23,"minecraft:glow_ink_sac":2,"minecraft:water_bucket":1,"minecraft:salmon":7,"minecraft:leather":41,"minecraft:tuff":53,"minecraft:oak_log":40,"minecraft:golden_boots":2,"minecraft:yellow_bed":5,"minecraft:lapis_lazuli":86,"minecraft:dirt":252,"minecraft:lantern":1,"minecraft:cooked_mutton":6,"minecraft:bone":17,"minecraft:apple":15,"minecraft:wheat_seeds":1492,"minecraft:raw_gold":30,"minecraft:bell":1,"minecraft:iron_ingot":13,"minecraft:stone_pickaxe":4,"minecraft:powered_rail":3,"minecraft:oak_planks":68,"minecraft:cooked_porkchop":4,"minecraft:quartz":77,"minecraft:dandelion":7,"minecraft:dripstone_block":1,"minecraft:gravel":1,"minecraft:lava_bucket":1,"minecraft:white_bed":8,"minecraft:lily_of_the_valley":4,"minecraft:barrel":7,"minecraft:slime_ball":10,"minecraft:diamond":55,"minecraft:cracked_polished_blackstone_bricks":7,"minecraft:iron_helmet":2,"minecraft:granite":1,"minecraft:bone_meal":7,"minecraft:gray_wool":2,"minecraft:warped_roots":2,"minecraft:emerald":4,"minecraft:bread":9,"minecraft:oak_sapling":1,"minecraft:netherrack":95,"minecraft:coal":251,"minecraft:hopper":2,"minecraft:ender_pearl":1},"minecraft:broken":{"minecraft:stone_sword":1,"minecraft:golden_shovel":1,"minecraft:stone_pickaxe":1,"minecraft:iron_sword":1,"minecraft:iron_pickaxe":1}},"DataVersion":3955}