{"stats":{"minecraft:killed":{"minecraft:cave_spider":8,"minecraft:spider":7,"minecraft:slime":10,"minecraft:phantom":2,"minecraft:skeleton":9,"minecraft:chicken":5,"minecraft:magma_cube":4,"minecraft:pig":5,"minecraft:salmon":4,"minecraft:creeper":1,"minecraft:sheep":8,"minecraft:zombie":14,"minecraft:enderman":2,"minecraft:cow":14},"minecraft:mined":{"minecraft:tuff":36,"minecraft:white_bed":6,"minecraft:deepslate_diamond_ore":21,"minecraft:obsidian":7,"minecraft:glow_lichen":1,"minecraft:granite":1,"minecraft:chiseled_polished_blackstone":1,"minecraft:grass_block":113,"minecraft:cracked_polished_blackstone_bricks":10,"minecraft:hopper":2,"minecraft:gilded_blackstone":1,"minecraft:oxeye_daisy":1,"minecraft:spawner":3,"minecraft:hay_block":8,"minecraft:polished_blackstone_bricks":67,"minecraft:redstone_ore":3,"minecraft:fire":1,"minecraft:iron_ore":163,"minecraft:cobbled_deepslate":2,"minecraft:andesite":7,"minecraft:deepslate_lapis_ore":5,"minecraft:gold_block":9,"minecraft:bell":1,"minecraft:pointed_dripstone":8,"minecraft:deepslate_iron_ore":42,"minecraft:rail":65,"minecraft:oak_stairs":1,"minecraft:lantern":1,"minecraft:stone":139,"minecraft:redstone_wall_torch":1,"minecraft:deepslate_redstone_ore":14,"minecraft:glass_pane":1,"minecraft:blackstone":6,"minecraft:lily_of_the_valley":2,"minecraft:basalt":4,"minecraft:dandelion":4,"minecraft:oak_fence":1,"minecraft:crafting_table":2,"minecraft:torch":10,"minecraft:short_grass":350,"minecraft:calcite":2,"minecraft:nether_quartz_ore":72,"minecraft:copper_ore":9,"minecraft:smooth_quartz_slab":1,"minecraft:tall_grass":76,"minecraft:cobblestone":15,"minecraft:deepslate_gold_ore":9,"minecraft:lapis_ore":5,"minecraft:oak_planks":12,"minecraft:sugar_cane":7,"minecraft:wall_torch":8,"minecraft:diorite":4,"minecraft:amethyst_block":5,"minecraft:warped_wart_block":1,"minecraft:pink_petals":5,"minecraft:chain":1,"minecraft:wheat":157,"minecraft:birch_leaves":1,"minecraft:yellow_bed":4,"minecraft:coal_ore":173,"minecraft:oak_log":40,"minecraft:gravel":5,"minecraft:dirt":30,"minecraft:cobweb":76,"minecraft:smooth_basalt":7,"minecraft:raw_copper_block":1,"minecraft:netherrack":18,"minecraft:gold_ore":13,"minecraft:oak_leaves":4,"minecraft:deepslate":161},"minecraft:broken":{"minecraft:stone_sword":1,"minecraft:golden_shovel":1,"minecraft:stone_pickaxe":1,"minecraft:iron_sword":1,"minecraft:iron_pickaxe":1},"minecraft:used":{"minecraft:stone_sword":158,"minecraft:shield":57,"minecraft:iron_sword":212,"minecraft:bell":1,"minecraft:cooked_chicken":3,"minecraft:rotten_flesh":5,"minecraft:oak_door":1,"minecraft:iron_chestplate":1,"minecraft:torch":378,"minecraft:dirt":30,"minecraft:hopper":2,"minecraft:golden_shovel":137,"minecraft:diamond_helmet":3,"minecraft:tuff":11,"minecraft:obsidian":3,"minecraft:lava_bucket":1,"minecraft:iron_axe":55,"minecraft:iron_boots":1,"minecraft:barrel":4,"minecraft:diamond_chestplate":2,"minecraft:light_gray_wool":1,"minecraft:golden_carrot":9,"minecraft:furnace":2,"minecraft:egg":1,"minecraft:cooked_beef":22,"minecraft:golden_boots":2,"minecraft:cobbled_deepslate":84,"minecraft:iron_leggings":1,"minecraft:cooked_mutton":13,"minecraft:wheat_seeds":324,"minecraft:water_bucket":60,"minecraft:amethyst_block":1,"minecraft:diamond_boots":2,"minecraft:oak_planks":21,"minecraft:stone_pickaxe":448,"minecraft:blackstone":3,"minecraft:sugar_cane":11,"minecraft:polished_blackstone_bricks":51,"minecraft:white_wool":3,"minecraft:rail":1,"minecraft:crafting_table":10,"minecraft:white_bed":6,"minecraft:redstone_torch":2,"minecraft:diamond_pickaxe":30,"minecraft:bread":43,"minecraft:iron_pickaxe":666,"minecraft:gravel":1,"minecraft:diamond_sword":38,"minecraft:fishing_rod":4,"minecraft:cobblestone":117,"minecraft:cooked_porkchop":12,"minecraft:bucket":63,"minecraft:yellow_bed":5,"minecraft:diamond_leggings":3,"minecraft:bone_meal":6},"minecraft:dropped":{"minecraft:water_bucket":1,"minecraft:bread":20,"minecraft:wheat_seeds":2,"minecraft:lapis_lazuli":49,"minecraft:diamond":1,"minecraft:dripstone_block":1,"minecraft:feather":1,"minecraft:oak_fence":4,"minecraft:iron_helmet":1,"minecraft:cobblestone":19,"minecraft:warped_roots":3,"minecraft:rail":4,"minecraft:pufferfish":1,"minecraft:stick":3,"minecraft:dirt":2,"minecraft:raw_copper_block":2,"minecraft:diorite":1,"minecraft:torch":26,"minecraft:gilded_blackstone":3,"minecraft:iron_leggings":2,"minecraft:gold_nugget":11,"minecraft:string":33,"minecraft:white_wool":2,"minecraft:blackstone":1,"minecraft:dandelion":2,"minecraft:oak_door":2,"minecraft:sugar_cane":2,"minecraft:cobbled_deepslate":9,"minecraft:raw_copper":6,"minecraft:tuff":41,"minecraft:wheat":2,"minecraft:obsidian":4,"minecraft:pointed_dripstone":2,"minecraft:rotten_flesh":7,"minecraft:oak_planks":9,"minecraft:iron_hoe":1,"minecraft:lily_of_the_valley":2,"minecraft:iron_chestplate":2,"minecraft:oak_sapling":1,"minecraft:redstone_torch":2,"minecraft:barrel":4,"minecraft:arrow":2,"minecraft:powered_rail":3,"minecraft:raw_gold":1},"minecraft:killed_by":{"minecraft:piglin_brute":1,"minecraft:piglin":2},"minecraft:crafted":{"minecraft:oak_door":3,"minecraft:oak_planks":160,"minecraft:fishing_rod":1,"minecraft:cooked_chicken":3,"minecraft:furnace":2,"minecraft:cooked_mutton":13,"minecraft:hopper":1,"minecraft:bow":1,"minecraft:diamond_helmet":1,"minecraft:diamond_leggings":2,"minecraft:iron_boots":1,"minecraft:iron_axe":1,"minecraft:iron_hoe":1,"minecraft:stone_pickaxe":5,"minecraft:chest":1,"minecraft:diamond_boots":1,"minecraft:wheat":72,"minecraft:cooked_beef":22,"minecraft:diamond_sword":1,"minecraft:cooked_porkchop":8,"minecraft:crafting_table":8,"minecraft:iron_sword":1,"minecraft:bread":70,"minecraft:air":0,"minecraft:iron_chestplate":1,"minecraft:diamond_pickaxe":1,"minecraft:shield":2,"minecraft:stick":108,"minecraft:iron_ingot":145,"minecraft:iron_pickaxe":3,"minecraft:stone_sword":1,"minecraft:iron_leggings":1,"minecraft:redstone_torch":2,"minecraft:torch":280,"minecraft:diamond_chestplate":1},"minecraft:custom":{"minecraft:mob_kills":95,"minecraft:animals_bred":9,"minecraft:inspect_hopper":3,"minecraft:interact_with_crafting_table":44,"minecraft:open_barrel":19,"minecraft:bell_ring":45,"minecraft:leave_game":5,"minecraft:time_since_death":26962,"minecraft:climb_one_cm":829,"minecraft:sprint_one_cm":1253548,"minecraft:walk_one_cm":1130041,"minecraft:damage_blocked_by_shield":3776,"minecraft:drop":89,"minecraft:talked_to_villager":6,"minecraft:play_time":358614,"minecraft:deaths":4,"minecraft:sneak_time":6956,"minecraft:walk_under_water_one_cm":42788,"minecraft:jump":7058,"minecraft:walk_on_water_one_cm":80050,"minecraft:enchant_item":6,"minecraft:total_world_time":358614,"minecraft:interact_with_furnace":56,"minecraft:play_record":1,"minecraft:sleep_in_bed":16,"minecraft:time_since_rest":27002,"minecraft:damage_taken":6510,"minecraft:damage_dealt":13065,"minecraft:swim_one_cm":58479,"minecraft:fly_one_cm":1231472,"minecraft:open_chest":112,"minecraft:crouch_one_cm":25450,"minecraft:fish_caught":3,"minecraft:fall_one_cm":191726},"minecraft:picked_up":{"minecraft:iron_chestplate":3,"minecraft:crafting_table":2,"minecraft:wheat":144,"minecraft:chicken":3,"minecraft:gold_block":8,"minecraft:golden_shovel":1,"minecraft:gilded_blackstone":3,"minecraft:shield":2,"minecraft:amethyst_block":1,"minecraft:string":120,"minecraft:raw_copper":44,"minecraft:iron_leggings":2,"minecraft:pufferfish":1,"minecraft:blackstone":4,"minecraft:gold_nugget":5,"minecraft:cobbled_deepslate":183,"minecraft:bucket":1,"minecraft:beef":22,"minecraft:redstone_torch":2,"minecraft:iron_pickaxe":2,"minecraft:light_gray_wool":1,"minecraft:sugar_cane":10,"minecraft:phantom_membrane":2,"minecraft:raw_copper_block":2,"minecraft:iron_boots":1,"minecraft:egg":2,"minecraft:stick":15,"minecraft:raw_iron":221,"minecraft:music_disc_blocks":1,"minecraft:oak_door":2,"minecraft:oak_fence":4,"minecraft:torch":134,"minecraft:porkchop":10,"minecraft:polished_blackstone_bricks":66,"minecraft:pointed_dripstone":9,"minecraft:diorite":5,"minecraft:redstone":73,"minecraft:stone_sword":1,"minecraft:arrow":7,"minecraft:rotten_flesh":26,"minecraft:hay_block":8,"minecraft:obsidian":17,"minecraft:mutton":16,"minecraft:cod":2,"minecraft:rail":67,"minecraft:white_wool":14,"minecraft:cobblestone":164,"minecraft:oxeye_daisy":1,"minecraft:pink_petals":17,"minecraft:feather":1,"minecraft:cooked_beef":22,"minecraft:andesite":8,"minecraft:golden_carrot":23,"minecraft:glow_ink_sac":2,"minecraft:water_bucket":1,"minecraft:salmon":4,"minecraft:leather":14,"minecraft:tuff":53,"minecraft:oak_log":40,"minecraft:golden_boots":2,"minecraft:yellow_bed":5,"minecraft:lantern":1,"minecraft:lapis_lazuli":86,"minecraft:dirt":252,"minecraft:cooked_mutton":6,"minecraft:bone":13,"minecraft:apple":15,"minecraft:wheat_seeds":451,"minecraft:raw_gold":30,"minecraft:bell":1,"minecraft:iron_ingot":13,"minecraft:stone_pickaxe":4,"minecraft:powered_rail":3,"minecraft:oak_planks":68,"minecraft:cooked_porkchop":4,"minecraft:quartz":69,"minecraft:dandelion":6,"minecraft:dripstone_block":1,"minecraft:gravel":1,"minecraft:lava_bucket":1,"minecraft:white_bed":8,"minecraft:lily_of_the_valley":4,"minecraft:barrel":7,"minecraft:slime_ball":10,"minecraft:diamond":55,"minecraft:cracked_polished_blackstone_bricks":5,"minecraft:iron_helmet":2,"minecraft:granite":1,"minecraft:bone_meal":6,"minecraft:gray_wool":2,"minecraft:bread":9,"minecraft:emerald":4,"minecraft:oak_sapling":1,"minecraft:netherrack":23,"minecraft:coal":236,"minecraft:hopper":2,"minecraft:ender_pearl":1}},"DataVersion":3955}