{"stats":{"minecraft:killed_by":{"minecraft:piglin_brute":1,"minecraft:piglin":2},"minecraft:used":{"minecraft:shield":96,"minecraft:iron_sword":224,"minecraft:bell":1,"minecraft:rotten_flesh":5,"minecraft:iron_chestplate":1,"minecraft:carrot":159,"minecraft:tuff":11,"minecraft:obsidian":3,"minecraft:lava_bucket":11,"minecraft:lantern":1,"minecraft:furnace":2,"minecraft:egg":1,"minecraft:golden_boots":3,"minecraft:diamond_boots":2,"minecraft:stone_pickaxe":448,"minecraft:oak_planks":21,"minecraft:blackstone":3,"minecraft:ender_pearl":2,"minecraft:sugar_cane":175,"minecraft:white_wool":3,"minecraft:redstone_torch":2,"minecraft:bread":50,"minecraft:gravel":1,"minecraft:diamond_sword":214,"minecraft:oak_boat":18,"minecraft:bone_meal":6,"minecraft:stone_sword":158,"minecraft:cooked_chicken":3,"minecraft:netherrack":396,"minecraft:oak_door":1,"minecraft:torch":395,"minecraft:dirt":30,"minecraft:hopper":2,"minecraft:diamond_helmet":3,"minecraft:golden_shovel":137,"minecraft:iron_axe":73,"minecraft:iron_boots":1,"minecraft:barrel":4,"minecraft:light_gray_wool":1,"minecraft:diamond_chestplate":2,"minecraft:basalt":128,"minecraft:golden_carrot":19,"minecraft:cooked_beef":45,"minecraft:cobbled_deepslate":113,"minecraft:iron_leggings":1,"minecraft:wheat_seeds":798,"minecraft:cooked_mutton":13,"minecraft:water_bucket":60,"minecraft:amethyst_block":1,"minecraft:polished_blackstone_bricks":91,"minecraft:rail":1,"minecraft:crafting_table":10,"minecraft:white_bed":6,"minecraft:diamond_pickaxe":1208,"minecraft:iron_pickaxe":1026,"minecraft:fishing_rod":4,"minecraft:cobblestone":117,"minecraft:cooked_porkchop":20,"minecraft:bucket":73,"minecraft:yellow_bed":5,"minecraft:diamond_leggings":3},"minecraft:mined":{"minecraft:white_bed":6,"minecraft:obsidian":7,"minecraft:granite":1,"minecraft:chiseled_polished_blackstone":1,"minecraft:grass_block":113,"minecraft:cracked_polished_blackstone_bricks":12,"minecraft:hopper":2,"minecraft:oxeye_daisy":1,"minecraft:gilded_blackstone":1,"minecraft:spawner":3,"minecraft:polished_blackstone_bricks":91,"minecraft:glowstone":1,"minecraft:iron_ore":163,"minecraft:cobbled_deepslate":2,"minecraft:fire":32,"minecraft:deepslate_lapis_ore":5,"minecraft:pointed_dripstone":8,"minecraft:oak_stairs":1,"minecraft:deepslate_redstone_ore":14,"minecraft:blackstone":29,"minecraft:twisting_vines_plant":1,"minecraft:torch":16,"minecraft:calcite":2,"minecraft:smooth_quartz_slab":1,"minecraft:nether_quartz_ore":217,"minecraft:cobblestone":15,"minecraft:sugar_cane":420,"minecraft:oak_planks":12,"minecraft:wall_torch":12,"minecraft:amethyst_block":5,"minecraft:pink_petals":5,"minecraft:chain":1,"minecraft:warped_nylium":17,"minecraft:wheat":649,"minecraft:warped_fungus":1,"minecraft:oak_log":40,"minecraft:dirt":31,"minecraft:smooth_basalt":7,"minecraft:raw_copper_block":1,"minecraft:netherrack":1134,"minecraft:oak_leaves":8,"minecraft:deepslate":161,"minecraft:nether_gold_ore":4,"minecraft:tuff":36,"minecraft:deepslate_diamond_ore":21,"minecraft:glow_lichen":1,"minecraft:hay_block":8,"minecraft:redstone_ore":3,"minecraft:carrots":139,"minecraft:nether_sprouts":2,"minecraft:andesite":10,"minecraft:gold_block":9,"minecraft:bell":1,"minecraft:deepslate_iron_ore":42,"minecraft:rail":65,"minecraft:lantern":1,"minecraft:stone":141,"minecraft:redstone_wall_torch":1,"minecraft:glass_pane":1,"minecraft:lily_of_the_valley":2,"minecraft:basalt":172,"minecraft:dandelion":5,"minecraft:oak_fence":1,"minecraft:crafting_table":2,"minecraft:short_grass":394,"minecraft:warped_roots":8,"minecraft:tall_grass":85,"minecraft:copper_ore":9,"minecraft:lapis_ore":5,"minecraft:deepslate_gold_ore":9,"minecraft:diorite":4,"minecraft:warped_wart_block":7,"minecraft:birch_leaves":1,"minecraft:yellow_bed":4,"minecraft:coal_ore":190,"minecraft:gravel":5,"minecraft:cobweb":76,"minecraft:gold_ore":13},"minecraft:crafted":{"minecraft:oak_planks":188,"minecraft:cooked_chicken":3,"minecraft:cooked_mutton":13,"minecraft:hopper":1,"minecraft:diamond_leggings":2,"minecraft:diamond_helmet":1,"minecraft:bow":1,"minecraft:iron_boots":1,"minecraft:chest":1,"minecraft:cooked_porkchop":22,"minecraft:crafting_table":8,"minecraft:iron_chestplate":1,"minecraft:paper":108,"minecraft:diamond_pickaxe":1,"minecraft:shield":4,"minecraft:stick":112,"minecraft:iron_ingot":154,"minecraft:iron_pickaxe":3,"minecraft:stone_sword":1,"minecraft:redstone_torch":2,"minecraft:oak_door":3,"minecraft:fishing_rod":1,"minecraft:furnace":2,"minecraft:iron_axe":1,"minecraft:iron_hoe":1,"minecraft:stone_pickaxe":5,"minecraft:diamond_boots":1,"minecraft:wheat":72,"minecraft:cooked_beef":28,"minecraft:diamond_sword":1,"minecraft:iron_sword":1,"minecraft:bread":80,"minecraft:air":0,"minecraft:oak_boat":2,"minecraft:iron_leggings":1,"minecraft:torch":292,"minecraft:diamond_chestplate":1},"minecraft:custom":{"minecraft:animals_bred":164,"minecraft:interact_with_crafting_table":57,"minecraft:open_barrel":36,"minecraft:bell_ring":45,"minecraft:leave_game":11,"minecraft:time_since_death":363489,"minecraft:sprint_one_cm":1810553,"minecraft:damage_blocked_by_shield":7249,"minecraft:drop":112,"minecraft:talked_to_villager":6,"minecraft:play_time":695141,"minecraft:deaths":4,"minecraft:jump":10352,"minecraft:walk_on_water_one_cm":105795,"minecraft:enchant_item":6,"minecraft:interact_with_furnace":67,"minecraft:play_record":4,"minecraft:sleep_in_bed":32,"minecraft:damage_dealt":23798,"minecraft:crouch_one_cm":138499,"minecraft:mob_kills":155,"minecraft:inspect_hopper":3,"minecraft:climb_one_cm":3891,"minecraft:walk_one_cm":1761622,"minecraft:sneak_time":30411,"minecraft:walk_under_water_one_cm":47021,"minecraft:boat_one_cm":3472,"minecraft:total_world_time":695141,"minecraft:time_since_rest":35515,"minecraft:damage_taken":9643,"minecraft:swim_one_cm":67360,"minecraft:fly_one_cm":1824738,"minecraft:open_chest":202,"minecraft:fish_caught":3,"minecraft:fall_one_cm":276974},"minecraft:dropped":{"minecraft:iron_sword":1,"minecraft:brown_mushroom":1,"minecraft:lapis_lazuli":49,"minecraft:warped_fungus":2,"minecraft:diamond":1,"minecraft:warped_roots":14,"minecraft:rail":4,"minecraft:cracked_polished_blackstone_bricks":2,"minecraft:dirt":2,"minecraft:raw_copper_block":2,"minecraft:gilded_blackstone":3,"minecraft:gold_nugget":11,"minecraft:bone_meal":1,"minecraft:white_wool":2,"minecraft:oak_door":2,"minecraft:blackstone":1,"minecraft:sugar_cane":3,"minecraft:cobbled_deepslate":12,"minecraft:wheat":2,"minecraft:obsidian":4,"minecraft:pointed_dripstone":2,"minecraft:rotten_flesh":9,"minecraft:oak_planks":9,"minecraft:arrow":3,"minecraft:powered_rail":3,"minecraft:netherrack":64,"minecraft:water_bucket":1,"minecraft:bread":20,"minecraft:wheat_seeds":4,"minecraft:dripstone_block":1,"minecraft:feather":1,"minecraft:oak_fence":4,"minecraft:iron_helmet":1,"minecraft:cobblestone":19,"minecraft:stick":3,"minecraft:pufferfish":1,"minecraft:diorite":1,"minecraft:torch":26,"minecraft:iron_leggings":2,"minecraft:string":33,"minecraft:dandelion":3,"minecraft:raw_copper":6,"minecraft:tuff":41,"minecraft:iron_hoe":1,"minecraft:lily_of_the_valley":2,"minecraft:shield":1,"minecraft:iron_chestplate":2,"minecraft:oak_sapling":1,"minecraft:oak_boat":1,"minecraft:redstone_torch":2,"minecraft:barrel":4,"minecraft:raw_gold":1},"minecraft:killed":{"minecraft:cave_spider":8,"minecraft:spider":7,"minecraft:skeleton":11,"minecraft:chicken":5,"minecraft:magma_cube":22,"minecraft:pig":12,"minecraft:salmon":7,"minecraft:creeper":1,"minecraft:sheep":8,"minecraft:zombie":14,"minecraft:cow":21,"minecraft:slime":10,"minecraft:phantom":2,"minecraft:hoglin":1,"minecraft:enderman":23},"minecraft:picked_up":{"minecraft:iron_chestplate":3,"minecraft:wheat":564,"minecraft:diamond_sword":1,"minecraft:golden_shovel":1,"minecraft:gilded_blackstone":3,"minecraft:amethyst_block":1,"minecraft:string":120,"minecraft:raw_copper":44,"minecraft:iron_leggings":2,"minecraft:pufferfish":1,"minecraft:gold_nugget":23,"minecraft:cobbled_deepslate":183,"minecraft:bucket":1,"minecraft:redstone_torch":2,"minecraft:iron_pickaxe":2,"minecraft:iron_boots":1,"minecraft:stick":15,"minecraft:music_disc_blocks":4,"minecraft:oak_fence":4,"minecraft:torch":144,"minecraft:porkchop":20,"minecraft:pointed_dripstone":9,"minecraft:diorite":5,"minecraft:stone_sword":1,"minecraft:rotten_flesh":28,"minecraft:obsidian":18,"minecraft:cod":2,"minecraft:cobblestone":164,"minecraft:pink_petals":17,"minecraft:feather":1,"minecraft:cooked_beef":194,"minecraft:water_bucket":1,"minecraft:andesite":8,"minecraft:tuff":53,"minecraft:lantern":1,"minecraft:lapis_lazuli":86,"minecraft:dirt":252,"minecraft:bone":17,"minecraft:wheat_seeds":1492,"minecraft:raw_gold":30,"minecraft:bell":1,"minecraft:diamond_helmet":1,"minecraft:glowstone_dust":2,"minecraft:powered_rail":3,"minecraft:oak_planks":68,"minecraft:cooked_porkchop":4,"minecraft:lily_of_the_valley":4,"minecraft:barrel":7,"minecraft:diamond":55,"minecraft:cracked_polished_blackstone_bricks":7,"minecraft:granite":1,"minecraft:bone_meal":7,"minecraft:bread":9,"minecraft:emerald":4,"minecraft:oak_sapling":1,"minecraft:netherrack":844,"minecraft:crafting_table":2,"minecraft:chicken":3,"minecraft:brown_mushroom":1,"minecraft:gold_block":8,"minecraft:shield":3,"minecraft:blackstone":24,"minecraft:beef":33,"minecraft:oak_boat":18,"minecraft:light_gray_wool":1,"minecraft:sugar_cane":731,"minecraft:egg":3,"minecraft:raw_copper_block":2,"minecraft:phantom_membrane":2,"minecraft:raw_iron":221,"minecraft:oak_door":2,"minecraft:polished_blackstone_bricks":86,"minecraft:carrot":481,"minecraft:redstone":73,"minecraft:arrow":8,"minecraft:hay_block":8,"minecraft:mutton":16,"minecraft:white_wool":14,"minecraft:rail":67,"minecraft:oxeye_daisy":1,"minecraft:basalt":165,"minecraft:golden_carrot":23,"minecraft:glow_ink_sac":2,"minecraft:salmon":7,"minecraft:leather":41,"minecraft:oak_log":40,"minecraft:golden_boots":2,"minecraft:yellow_bed":5,"minecraft:cooked_mutton":6,"minecraft:apple":15,"minecraft:iron_ingot":13,"minecraft:stone_pickaxe":4,"minecraft:warped_fungus":2,"minecraft:quartz":224,"minecraft:dandelion":7,"minecraft:dripstone_block":1,"minecraft:gravel":1,"minecraft:lava_bucket":1,"minecraft:white_bed":8,"minecraft:slime_ball":10,"minecraft:iron_helmet":2,"minecraft:gray_wool":2,"minecraft:warped_roots":14,"minecraft:warped_nylium":10,"minecraft:coal":251,"minecraft:hopper":2,"minecraft:ender_pearl":8},"minecraft:broken":{"minecraft:golden_boots":1,"minecraft:golden_shovel":1,"minecraft:stone_pickaxe":1,"minecraft:iron_sword":1,"minecraft:stone_sword":1,"minecraft:shield":1,"minecraft:iron_pickaxe":2}},"DataVersion":3955}