{"stats":{"minecraft:broken":{"minecraft:golden_boots":1,"minecraft:diamond_helmet":1,"minecraft:golden_shovel":1,"minecraft:stone_pickaxe":1,"minecraft:diamond_pickaxe":1,"minecraft:iron_sword":1,"minecraft:stone_sword":1,"minecraft:shield":1,"minecraft:iron_pickaxe":5,"minecraft:golden_pickaxe":1},"minecraft:killed":{"minecraft:cave_spider":8,"minecraft:zombified_piglin":15,"minecraft:spider":21,"minecraft:shulker":11,"minecraft:skeleton":30,"minecraft:chicken":7,"minecraft:silverfish":4,"minecraft:magma_cube":22,"minecraft:piglin":2,"minecraft:pig":12,"minecraft:zombie_villager":1,"minecraft:salmon":7,"minecraft:ender_dragon":1,"minecraft:creeper":18,"minecraft:sheep":9,"minecraft:zombie":54,"minecraft:cow":57,"minecraft:blaze":3,"minecraft:slime":31,"minecraft:phantom":2,"minecraft:drowned":2,"minecraft:hoglin":1,"minecraft:wither_skeleton":1,"minecraft:enderman":29},"minecraft:dropped":{"minecraft:iron_sword":1,"minecraft:brown_mushroom":1,"minecraft:lapis_lazuli":108,"minecraft:warped_fungus":2,"minecraft:oak_log":8,"minecraft:glass_bottle":1,"minecraft:diamond":27,"minecraft:warped_roots":15,"minecraft:rail":4,"minecraft:red_mushroom":2,"minecraft:dirt":2,"minecraft:cracked_polished_blackstone_bricks":2,"minecraft:raw_copper_block":2,"minecraft:gilded_blackstone":3,"minecraft:gold_nugget":29,"minecraft:bone_meal":1,"minecraft:white_wool":3,"minecraft:oak_door":2,"minecraft:gravel":2,"minecraft:blackstone":1,"minecraft:sugar_cane":3,"minecraft:spyglass":1,"minecraft:cobbled_deepslate":30,"minecraft:wheat":2,"minecraft:obsidian":4,"minecraft:pointed_dripstone":2,"minecraft:rotten_flesh":15,"minecraft:oak_planks":13,"minecraft:end_stone":1,"minecraft:arrow":3,"minecraft:powered_rail":3,"minecraft:netherrack":130,"minecraft:water_bucket":1,"minecraft:bread":20,"minecraft:wheat_seeds":14,"minecraft:dripstone_block":1,"minecraft:diamond_leggings":3,"minecraft:oak_fence":4,"minecraft:feather":1,"minecraft:iron_helmet":1,"minecraft:cobblestone":23,"minecraft:pufferfish":1,"minecraft:stick":3,"minecraft:diorite":1,"minecraft:torch":26,"minecraft:iron_leggings":2,"minecraft:string":33,"minecraft:dandelion":3,"minecraft:raw_copper":6,"minecraft:tuff":41,"minecraft:iron_hoe":1,"minecraft:lily_of_the_valley":2,"minecraft:diamond_sword":2,"minecraft:shield":1,"minecraft:dragon_egg":1,"minecraft:iron_chestplate":2,"minecraft:oak_sapling":1,"minecraft:oak_boat":1,"minecraft:redstone_torch":2,"minecraft:barrel":4,"minecraft:diamond_boots":5,"minecraft:bow":2,"minecraft:raw_gold":1},"minecraft:custom":{"minecraft:animals_bred":194,"minecraft:interact_with_crafting_table":95,"minecraft:open_barrel":52,"minecraft:open_shulker_box":7,"minecraft:bell_ring":45,"minecraft:leave_game":21,"minecraft:time_since_death":351178,"minecraft:sprint_one_cm":3091182,"minecraft:damage_blocked_by_shield":9020,"minecraft:drop":152,"minecraft:talked_to_villager":7,"minecraft:play_time":1133592,"minecraft:deaths":5,"minecraft:jump":17582,"minecraft:walk_on_water_one_cm":173225,"minecraft:enchant_item":18,"minecraft:interact_with_furnace":71,"minecraft:play_record":5,"minecraft:sleep_in_bed":43,"minecraft:open_enderchest":3,"minecraft:damage_dealt":54840,"minecraft:crouch_one_cm":199069,"minecraft:horse_one_cm":619732,"minecraft:interact_with_anvil":7,"minecraft:mob_kills":377,"minecraft:inspect_hopper":3,"minecraft:climb_one_cm":8200,"minecraft:walk_one_cm":2720196,"minecraft:sneak_time":49531,"minecraft:walk_under_water_one_cm":93306,"minecraft:boat_one_cm":8747,"minecraft:total_world_time":1133592,"minecraft:interact_with_grindstone":8,"minecraft:time_since_rest":156526,"minecraft:damage_taken":17243,"minecraft:swim_one_cm":160096,"minecraft:fly_one_cm":3871539,"minecraft:open_chest":419,"minecraft:aviate_one_cm":44,"minecraft:fish_caught":3,"minecraft:fall_one_cm":502839},"minecraft:used":{"minecraft:shield":129,"minecraft:iron_sword":224,"minecraft:bell":1,"minecraft:rotten_flesh":6,"minecraft:iron_chestplate":1,"minecraft:carrot":159,"minecraft:tuff":11,"minecraft:obsidian":3,"minecraft:lava_bucket":24,"minecraft:lantern":1,"minecraft:stone_bricks":13,"minecraft:bow":104,"minecraft:furnace":2,"minecraft:egg":1,"minecraft:golden_boots":3,"minecraft:mossy_stone_bricks":1,"minecraft:diorite":8,"minecraft:diamond_boots":3,"minecraft:oak_planks":60,"minecraft:stone_pickaxe":448,"minecraft:blackstone":25,"minecraft:ender_pearl":10,"minecraft:sugar_cane":182,"minecraft:diamond_axe":369,"minecraft:white_wool":3,"minecraft:redstone_torch":2,"minecraft:bread":52,"minecraft:gravel":1,"minecraft:nether_wart_block":1,"minecraft:diamond_sword":816,"minecraft:oak_boat":21,"minecraft:bone_meal":6,"minecraft:golden_pickaxe":32,"minecraft:stone_sword":158,"minecraft:flint_and_steel":1,"minecraft:cooked_chicken":3,"minecraft:netherrack":825,"minecraft:oak_door":1,"minecraft:torch":445,"minecraft:dirt":60,"minecraft:spyglass":11,"minecraft:hopper":2,"minecraft:diamond_helmet":4,"minecraft:shulker_box":6,"minecraft:golden_shovel":137,"minecraft:iron_axe":100,"minecraft:iron_boots":1,"minecraft:barrel":4,"minecraft:diamond_chestplate":4,"minecraft:light_gray_wool":1,"minecraft:basalt":174,"minecraft:golden_carrot":19,"minecraft:cooked_beef":150,"minecraft:cobbled_deepslate":219,"minecraft:iron_leggings":1,"minecraft:wheat_seeds":798,"minecraft:cooked_mutton":13,"minecraft:water_bucket":136,"minecraft:amethyst_block":1,"minecraft:glass_bottle":1,"minecraft:cracked_stone_bricks":8,"minecraft:polished_blackstone_bricks":91,"minecraft:rail":1,"minecraft:crafting_table":14,"minecraft:white_bed":6,"minecraft:diamond_pickaxe":1500,"minecraft:iron_pickaxe":1827,"minecraft:fishing_rod":4,"minecraft:cobblestone":213,"minecraft:cooked_porkchop":21,"minecraft:bucket":163,"minecraft:yellow_bed":5,"minecraft:diamond_leggings":3},"minecraft:killed_by":{"minecraft:zombified_piglin":1,"minecraft:piglin_brute":1,"minecraft:piglin":2},"minecraft:picked_up":{"minecraft:shulker_shell":5,"minecraft:iron_chestplate":3,"minecraft:wheat":597,"minecraft:chainmail_boots":1,"minecraft:diamond_sword":5,"minecraft:golden_shovel":1,"minecraft:gilded_blackstone":3,"minecraft:amethyst_block":1,"minecraft:string":144,"minecraft:raw_copper":44,"minecraft:iron_leggings":2,"minecraft:pufferfish":1,"minecraft:diamond_leggings":3,"minecraft:gold_nugget":33,"minecraft:cobbled_deepslate":395,"minecraft:bucket":1,"minecraft:redstone_torch":2,"minecraft:iron_pickaxe":2,"minecraft:iron_boots":1,"minecraft:stick":27,"minecraft:music_disc_blocks":4,"minecraft:oak_fence":4,"minecraft:torch":270,"minecraft:purpur_pillar":4,"minecraft:porkchop":20,"minecraft:pointed_dripstone":9,"minecraft:diorite":57,"minecraft:stone_sword":1,"minecraft:rotten_flesh":121,"minecraft:blaze_rod":1,"minecraft:obsidian":26,"minecraft:iron_bars":2,"minecraft:cod":2,"minecraft:cobblestone":346,"minecraft:pink_petals":17,"minecraft:feather":7,"minecraft:cooked_beef":235,"minecraft:water_bucket":1,"minecraft:andesite":8,"minecraft:flint":1,"minecraft:tuff":62,"minecraft:lapis_lazuli":145,"minecraft:lantern":1,"minecraft:dirt":489,"minecraft:bone":48,"minecraft:bow":4,"minecraft:wheat_seeds":1510,"minecraft:raw_gold":30,"minecraft:bell":1,"minecraft:diamond_helmet":1,"minecraft:mossy_stone_bricks":7,"minecraft:glowstone_dust":2,"minecraft:powered_rail":3,"minecraft:oak_planks":75,"minecraft:cooked_porkchop":4,"minecraft:lily_of_the_valley":4,"minecraft:shulker_box":6,"minecraft:barrel":7,"minecraft:diamond":55,"minecraft:cracked_polished_blackstone_bricks":7,"minecraft:granite":24,"minecraft:bone_meal":7,"minecraft:emerald":4,"minecraft:chainmail_helmet":1,"minecraft:bread":9,"minecraft:oak_sapling":15,"minecraft:netherrack":1175,"minecraft:chorus_fruit":5,"minecraft:diamond_pickaxe":1,"minecraft:crafting_table":3,"minecraft:chicken":8,"minecraft:nether_wart":17,"minecraft:brown_mushroom":1,"minecraft:gold_block":8,"minecraft:shield":4,"minecraft:blackstone":67,"minecraft:cracked_stone_bricks":8,"minecraft:beef":66,"minecraft:oak_boat":21,"minecraft:light_gray_wool":1,"minecraft:sugar_cane":1295,"minecraft:phantom_membrane":2,"minecraft:raw_copper_block":2,"minecraft:egg":9,"minecraft:raw_iron":225,"minecraft:end_stone":1,"minecraft:oak_door":2,"minecraft:polished_blackstone_bricks":86,"minecraft:carrot":481,"minecraft:redstone":73,"minecraft:arrow":54,"minecraft:diamond_boots":5,"minecraft:hay_block":8,"minecraft:saddle":1,"minecraft:mutton":16,"minecraft:rail":67,"minecraft:white_wool":15,"minecraft:oxeye_daisy":1,"minecraft:basalt":238,"minecraft:golden_carrot":23,"minecraft:glow_ink_sac":2,"minecraft:salmon":7,"minecraft:leather":75,"minecraft:red_mushroom":2,"minecraft:oak_log":393,"minecraft:nether_wart_block":1,"minecraft:yellow_bed":5,"minecraft:golden_boots":2,"minecraft:gunpowder":45,"minecraft:cooked_mutton":6,"minecraft:apple":15,"minecraft:stone_bricks":13,"minecraft:iron_ingot":13,"minecraft:stone_pickaxe":4,"minecraft:glass_bottle":2,"minecraft:warped_fungus":2,"minecraft:quartz":251,"minecraft:dandelion":7,"minecraft:spyglass":1,"minecraft:dripstone_block":1,"minecraft:gravel":3,"minecraft:lava_bucket":1,"minecraft:white_bed":8,"minecraft:dragon_egg":1,"minecraft:spider_eye":17,"minecraft:slime_ball":25,"minecraft:iron_helmet":2,"minecraft:gray_wool":2,"minecraft:warped_roots":14,"minecraft:melon_seeds":4,"minecraft:warped_nylium":10,"minecraft:coal":292,"minecraft:hopper":2,"minecraft:ender_pearl":19},"minecraft:crafted":{"minecraft:oak_planks":260,"minecraft:cooked_chicken":3,"minecraft:cooked_mutton":13,"minecraft:shulker_box":2,"minecraft:hopper":1,"minecraft:diamond_helmet":1,"minecraft:diamond_leggings":3,"minecraft:bow":1,"minecraft:iron_boots":1,"minecraft:chest":3,"minecraft:cooked_porkchop":22,"minecraft:diamond_axe":1,"minecraft:crafting_table":12,"minecraft:iron_chestplate":1,"minecraft:paper":171,"minecraft:diamond_pickaxe":3,"minecraft:shield":4,"minecraft:stick":124,"minecraft:iron_ingot":154,"minecraft:iron_pickaxe":6,"minecraft:stone_sword":1,"minecraft:redstone_torch":2,"minecraft:golden_carrot":4,"minecraft:oak_door":3,"minecraft:fishing_rod":1,"minecraft:furnace":2,"minecraft:iron_axe":1,"minecraft:iron_hoe":1,"minecraft:stone_pickaxe":5,"minecraft:diamond_boots":2,"minecraft:wheat":72,"minecraft:cooked_beef":28,"minecraft:diamond_sword":1,"minecraft:iron_sword":1,"minecraft:bread":95,"minecraft:air":0,"minecraft:oak_boat":2,"minecraft:iron_leggings":1,"minecraft:torch":292,"minecraft:diamond_chestplate":2},"minecraft:mined":{"minecraft:white_bed":6,"minecraft:obsidian":12,"minecraft:granite":37,"minecraft:chiseled_polished_blackstone":1,"minecraft:grass_block":120,"minecraft:cracked_polished_blackstone_bricks":12,"minecraft:hopper":2,"minecraft:nether_wart":20,"minecraft:oxeye_daisy":1,"minecraft:gilded_blackstone":1,"minecraft:spawner":3,"minecraft:polished_blackstone_bricks":91,"minecraft:tall_seagrass":2,"minecraft:glowstone":1,"minecraft:iron_ore":165,"minecraft:cobbled_deepslate":8,"minecraft:fire":78,"minecraft:deepslate_lapis_ore":5,"minecraft:pointed_dripstone":8,"minecraft:oak_stairs":1,"minecraft:iron_bars":3,"minecraft:deepslate_redstone_ore":14,"minecraft:blackstone":74,"minecraft:twisting_vines_plant":1,"minecraft:crimson_nylium":1,"minecraft:soul_fire":2,"minecraft:torch":22,"minecraft:calcite":2,"minecraft:smooth_quartz_slab":1,"minecraft:nether_quartz_ore":246,"minecraft:cobblestone":18,"minecraft:sugar_cane":741,"minecraft:oak_planks":15,"minecraft:wall_torch":16,"minecraft:amethyst_block":5,"minecraft:pink_petals":5,"minecraft:chain":1,"minecraft:warped_nylium":17,"minecraft:nether_wart_block":1,"minecraft:birch_log":1,"minecraft:wheat":649,"minecraft:warped_fungus":1,"minecraft:oak_log":387,"minecraft:dirt":54,"minecraft:smooth_basalt":7,"minecraft:raw_copper_block":1,"minecraft:netherrack":1499,"minecraft:oak_leaves":29,"minecraft:deepslate":342,"minecraft:nether_gold_ore":4,"minecraft:tuff":37,"minecraft:deepslate_diamond_ore":21,"minecraft:shulker_box":6,"minecraft:end_stone":1,"minecraft:glow_lichen":1,"minecraft:nether_bricks":11,"minecraft:hay_block":8,"minecraft:redstone_ore":3,"minecraft:carrots":139,"minecraft:nether_sprouts":2,"minecraft:andesite":10,"minecraft:gold_block":9,"minecraft:bell":1,"minecraft:deepslate_iron_ore":44,"minecraft:rail":65,"minecraft:lantern":1,"minecraft:stone":316,"minecraft:redstone_wall_torch":1,"minecraft:glass_pane":1,"minecraft:soul_sand":7,"minecraft:magenta_stained_glass":4,"minecraft:infested_stone_bricks":1,"minecraft:lily_of_the_valley":2,"minecraft:basalt":262,"minecraft:dandelion":6,"minecraft:oak_fence":1,"minecraft:crafting_table":2,"minecraft:short_grass":489,"minecraft:warped_roots":8,"minecraft:purpur_pillar":4,"minecraft:tall_grass":110,"minecraft:copper_ore":9,"minecraft:lapis_ore":5,"minecraft:deepslate_gold_ore":9,"minecraft:diorite":62,"minecraft:warped_wart_block":7,"minecraft:birch_leaves":3,"minecraft:yellow_bed":4,"minecraft:coal_ore":235,"minecraft:gravel":12,"minecraft:cobweb":78,"minecraft:cracked_stone_bricks":2,"minecraft:stone_bricks":9,"minecraft:mossy_stone_bricks":1,"minecraft:gold_ore":13}},"DataVersion":3955}