{"stats":{"minecraft:broken":{"minecraft:iron_shovel":2,"minecraft:diamond_helmet":1,"minecraft:diamond_boots":1,"minecraft:iron_hoe":1,"minecraft:diamond_chestplate":1,"minecraft:diamond_leggings":1,"minecraft:shield":2,"minecraft:iron_axe":2},"minecraft:killed":{"minecraft:cave_spider":1,"minecraft:zombified_piglin":52,"minecraft:witch":1,"minecraft:spider":10,"minecraft:shulker":31,"minecraft:skeleton":41,"minecraft:chicken":13,"minecraft:silverfish":11,"minecraft:piglin_brute":1,"minecraft:magma_cube":74,"minecraft:piglin":48,"minecraft:pig":22,"minecraft:zombie_villager":1,"minecraft:iron_golem":1,"minecraft:creeper":9,"minecraft:sheep":17,"minecraft:zombie":64,"minecraft:ghast":2,"minecraft:blaze":42,"minecraft:cow":201,"minecraft:hoglin":8,"minecraft:wither_skeleton":13,"minecraft:enderman":92},"minecraft:dropped":{"minecraft:iron_sword":2,"minecraft:birch_planks":8,"minecraft:porkchop":2,"minecraft:cooked_beef":382,"minecraft:warped_fungus":1,"minecraft:oak_log":52,"minecraft:chorus_fruit":3,"minecraft:ender_pearl":21,"minecraft:glass_bottle":2,"minecraft:diamond":31,"minecraft:cooked_porkchop":4,"minecraft:warped_roots":11,"minecraft:saddle":1,"minecraft:red_mushroom":1,"minecraft:emerald":1,"minecraft:dirt":1,"minecraft:mutton":5,"minecraft:crimson_roots":12,"minecraft:warped_fence_gate":1,"minecraft:snowball":16,"minecraft:gold_nugget":3,"minecraft:polished_blackstone_bricks":5,"minecraft:iron_pickaxe":2,"minecraft:white_wool":1,"minecraft:gold_ingot":2,"minecraft:bone":5,"minecraft:gravel":45,"minecraft:crimson_fungus":1,"minecraft:stone_axe":1,"minecraft:purpur_block":3,"minecraft:spyglass":1,"minecraft:golden_chestplate":2,"minecraft:cobbled_deepslate":16,"minecraft:wheat":44,"minecraft:rotten_flesh":64,"minecraft:oak_planks":20,"minecraft:warped_planks":2,"minecraft:poppy":2,"minecraft:arrow":23,"minecraft:warped_wart_block":1,"minecraft:quartz":34,"minecraft:netherrack":226,"minecraft:golden_boots":2,"minecraft:wheat_seeds":93,"minecraft:diamond_leggings":4,"minecraft:iron_helmet":5,"minecraft:golden_axe":1,"minecraft:feather":3,"minecraft:cobblestone":5,"minecraft:granite":3,"minecraft:coal":1,"minecraft:diamond_horse_armor":1,"minecraft:gray_wool":1,"minecraft:diorite":3,"minecraft:golden_carrot":23,"minecraft:torch":157,"minecraft:wooden_axe":1,"minecraft:nether_wart_block":7,"minecraft:iron_door":1,"minecraft:diamond_helmet":1,"minecraft:iron_leggings":3,"minecraft:pink_petals":2,"minecraft:bucket":1,"minecraft:dandelion":1,"minecraft:smooth_basalt":2,"minecraft:warped_nylium":7,"minecraft:stone_sword":1,"minecraft:light_gray_wool":1,"minecraft:iron_boots":2,"minecraft:nether_bricks":4,"minecraft:flint_and_steel":1,"minecraft:diamond_sword":3,"minecraft:potato":2,"minecraft:shield":5,"minecraft:diamond_pickaxe":2,"minecraft:iron_chestplate":3,"minecraft:andesite":5,"minecraft:mossy_stone_bricks":5,"minecraft:oak_sapling":1,"minecraft:golden_sword":11,"minecraft:redstone_torch":6,"minecraft:spider_eye":1,"minecraft:diamond_boots":4,"minecraft:bow":2,"minecraft:stone_pickaxe":2,"minecraft:calcite":1,"minecraft:black_wool":1},"minecraft:custom":{"minecraft:animals_bred":154,"minecraft:interact_with_crafting_table":145,"minecraft:open_barrel":13,"minecraft:open_shulker_box":3,"minecraft:bell_ring":1,"minecraft:leave_game":26,"minecraft:time_since_death":602673,"minecraft:sprint_one_cm":2456405,"minecraft:damage_blocked_by_shield":11255,"minecraft:drop":234,"minecraft:talked_to_villager":155,"minecraft:play_time":734485,"minecraft:deaths":3,"minecraft:jump":21241,"minecraft:interact_with_brewingstand":3,"minecraft:walk_on_water_one_cm":143990,"minecraft:enchant_item":22,"minecraft:interact_with_furnace":259,"minecraft:play_record":2,"minecraft:sleep_in_bed":19,"minecraft:open_enderchest":8,"minecraft:damage_dealt":131626,"minecraft:crouch_one_cm":205402,"minecraft:horse_one_cm":845021,"minecraft:interact_with_anvil":5,"minecraft:mob_kills":766,"minecraft:climb_one_cm":2871,"minecraft:walk_one_cm":1762904,"minecraft:sneak_time":58119,"minecraft:walk_under_water_one_cm":85051,"minecraft:boat_one_cm":9710,"minecraft:total_world_time":734485,"minecraft:interact_with_grindstone":8,"minecraft:time_since_rest":27104,"minecraft:damage_taken":25541,"minecraft:swim_one_cm":185177,"minecraft:fly_one_cm":3732243,"minecraft:open_chest":569,"minecraft:aviate_one_cm":2349495,"minecraft:fall_one_cm":660702},"minecraft:used":{"minecraft:iron_shovel":530,"minecraft:elytra":32,"minecraft:chest":23,"minecraft:shield":172,"minecraft:iron_sword":60,"minecraft:iron_chestplate":3,"minecraft:nether_bricks":16,"minecraft:carrot":117,"minecraft:tuff":14,"minecraft:snowball":65,"minecraft:obsidian":53,"minecraft:lava_bucket":79,"minecraft:warped_nylium":1,"minecraft:iron_helmet":1,"minecraft:furnace":14,"minecraft:egg":4,"minecraft:potato":3,"minecraft:diorite":6,"minecraft:diamond_boots":3,"minecraft:golden_boots":1,"minecraft:oak_planks":168,"minecraft:stone_pickaxe":58,"minecraft:blackstone":59,"minecraft:ender_pearl":16,"minecraft:wooden_pickaxe":6,"minecraft:sugar_cane":89,"minecraft:diamond_axe":641,"minecraft:dripstone_block":1,"minecraft:redstone_torch":5,"minecraft:firework_rocket":67,"minecraft:bread":27,"minecraft:lectern":26,"minecraft:oak_pressure_plate":2,"minecraft:gravel":36,"minecraft:nether_wart_block":5,"minecraft:diamond_sword":1119,"minecraft:grindstone":1,"minecraft:andesite":3,"minecraft:oak_boat":39,"minecraft:oak_trapdoor":10,"minecraft:enchanting_table":3,"minecraft:flint_and_steel":11,"minecraft:ender_chest":2,"minecraft:cooked_chicken":13,"minecraft:netherrack":2186,"minecraft:oak_door":1,"minecraft:torch":421,"minecraft:spyglass":11,"minecraft:dirt":244,"minecraft:anvil":1,"minecraft:diamond_helmet":2,"minecraft:shulker_box":1,"minecraft:raw_iron_block":1,"minecraft:granite":6,"minecraft:iron_hoe":352,"minecraft:wooden_axe":4,"minecraft:bookshelf":37,"minecraft:iron_axe":495,"minecraft:warped_fence":26,"minecraft:iron_boots":3,"minecraft:smooth_basalt":2,"minecraft:diamond_chestplate":34,"minecraft:basalt":30,"minecraft:golden_carrot":29,"minecraft:minecart":8,"minecraft:cooked_beef":211,"minecraft:cobbled_deepslate":229,"minecraft:iron_leggings":2,"minecraft:wheat_seeds":653,"minecraft:cooked_mutton":19,"minecraft:water_bucket":160,"minecraft:cobblestone_stairs":1,"minecraft:glass_bottle":1,"minecraft:polished_blackstone_bricks":26,"minecraft:gilded_blackstone":6,"minecraft:mossy_cobblestone":1,"minecraft:rail":4,"minecraft:oak_slab":2,"minecraft:crafting_table":40,"minecraft:white_bed":8,"minecraft:oak_log":4,"minecraft:ender_eye":22,"minecraft:diamond_pickaxe":5177,"minecraft:cracked_polished_blackstone_bricks":20,"minecraft:iron_pickaxe":373,"minecraft:stone_axe":61,"minecraft:cobblestone":141,"minecraft:warped_fence_gate":2,"minecraft:cooked_porkchop":68,"minecraft:bucket":240,"minecraft:yellow_bed":1,"minecraft:diamond_leggings":7,"minecraft:jukebox":1},"minecraft:killed_by":{"minecraft:creeper":1,"minecraft:skeleton":2},"minecraft:picked_up":{"minecraft:shulker_shell":14,"minecraft:iron_chestplate":4,"minecraft:wheat":451,"minecraft:diamond_sword":5,"minecraft:oak_stairs":1,"minecraft:potion":2,"minecraft:brewing_stand":3,"minecraft:golden_sword":11,"minecraft:amethyst_block":10,"minecraft:music_disc_cat":3,"minecraft:string":69,"minecraft:soul_soil":2,"minecraft:iron_leggings":4,"minecraft:diamond_leggings":6,"minecraft:gold_nugget":37,"minecraft:cobbled_deepslate":304,"minecraft:redstone_torch":6,"minecraft:calcite":2,"minecraft:ender_eye":6,"minecraft:iron_pickaxe":5,"minecraft:iron_boots":4,"minecraft:furnace":11,"minecraft:stick":21,"minecraft:music_disc_blocks":1,"minecraft:torch":198,"minecraft:acacia_log":8,"minecraft:purpur_pillar":2,"minecraft:porkchop":62,"minecraft:cherry_log":5,"minecraft:pointed_dripstone":9,"minecraft:diorite":15,"minecraft:golden_chestplate":2,"minecraft:stone_sword":1,"minecraft:rotten_flesh":98,"minecraft:end_rod":1,"minecraft:blaze_rod":25,"minecraft:obsidian":109,"minecraft:iron_bars":17,"minecraft:cod":2,"minecraft:snowball":186,"minecraft:cobblestone":299,"minecraft:birch_log":10,"minecraft:enchanting_table":2,"minecraft:pink_petals":2,"minecraft:feather":7,"minecraft:cooked_beef":666,"minecraft:magma_cream":6,"minecraft:iron_door":1,"minecraft:water_bucket":4,"minecraft:andesite":10,"minecraft:potato":5,"minecraft:flint":5,"minecraft:tuff":14,"minecraft:lapis_lazuli":371,"minecraft:dirt":511,"minecraft:bone":49,"minecraft:bow":5,"minecraft:wheat_seeds":1399,"minecraft:raw_gold":75,"minecraft:mossy_stone_bricks":6,"minecraft:diamond_helmet":3,"minecraft:glowstone_dust":11,"minecraft:oak_planks":187,"minecraft:ghast_tear":1,"minecraft:cooked_porkchop":72,"minecraft:warped_wart_block":4,"minecraft:oak_pressure_plate":1,"minecraft:sand":18,"minecraft:warped_fence_gate":1,"minecraft:barrel":2,"minecraft:shulker_box":1,"minecraft:mossy_cobblestone":2,"minecraft:iron_hoe":3,"minecraft:diamond":166,"minecraft:cracked_polished_blackstone_bricks":20,"minecraft:crossbow":1,"minecraft:granite":11,"minecraft:golden_apple":6,"minecraft:emerald":5,"minecraft:bread":34,"minecraft:oak_sapling":2,"minecraft:netherrack":2485,"minecraft:chorus_fruit":15,"minecraft:crimson_roots":26,"minecraft:diamond_pickaxe":4,"minecraft:crafting_table":33,"minecraft:chicken":14,"minecraft:nether_wart":80,"minecraft:gold_block":15,"minecraft:diamond_horse_armor":1,"minecraft:dragon_head":2,"minecraft:purpur_block":5,"minecraft:shield":6,"minecraft:oak_trapdoor":12,"minecraft:elytra":2,"minecraft:iron_axe":5,"minecraft:flint_and_steel":2,"minecraft:iron_shovel":2,"minecraft:warped_fence":4,"minecraft:blackstone":140,"minecraft:cracked_stone_bricks":1,"minecraft:beef":48,"minecraft:oak_boat":40,"minecraft:poppy":2,"minecraft:light_gray_wool":2,"minecraft:minecart":7,"minecraft:lectern":25,"minecraft:sugar_cane":896,"minecraft:chest":3,"minecraft:egg":4,"minecraft:raw_iron":354,"minecraft:end_stone":25,"minecraft:oak_door":1,"minecraft:fire_charge":1,"minecraft:polished_blackstone_bricks":57,"minecraft:carrot":205,"minecraft:redstone":106,"minecraft:arrow":119,"minecraft:diamond_chestplate":2,"minecraft:nether_bricks":20,"minecraft:diamond_boots":7,"minecraft:purpur_slab":1,"minecraft:hay_block":16,"minecraft:gold_ingot":1,"minecraft:mutton":18,"minecraft:rail":3,"minecraft:white_wool":18,"minecraft:basalt":117,"minecraft:golden_carrot":25,"minecraft:glow_ink_sac":5,"minecraft:salmon":4,"minecraft:leather":193,"minecraft:red_mushroom":1,"minecraft:crimson_fungus":2,"minecraft:purpur_stairs":2,"minecraft:oak_log":318,"minecraft:golden_boots":1,"minecraft:yellow_bed":1,"minecraft:nether_wart_block":12,"minecraft:gunpowder":7,"minecraft:cobblestone_stairs":1,"minecraft:cooked_mutton":17,"minecraft:apple":6,"minecraft:stone_bricks":15,"minecraft:warped_stem":36,"minecraft:iron_ingot":40,"minecraft:stone_pickaxe":2,"minecraft:glass_bottle":1,"minecraft:iron_sword":4,"minecraft:book":22,"minecraft:smooth_basalt":4,"minecraft:warped_fungus":1,"minecraft:quartz":793,"minecraft:dandelion":1,"minecraft:spyglass":1,"minecraft:raw_iron_block":2,"minecraft:dripstone_block":1,"minecraft:gravel":131,"minecraft:lava_bucket":1,"minecraft:amethyst_shard":8,"minecraft:white_bed":8,"minecraft:spider_eye":3,"minecraft:dragon_egg":1,"minecraft:diamond_shovel":1,"minecraft:stone_axe":1,"minecraft:iron_helmet":5,"minecraft:gray_wool":1,"minecraft:warped_roots":42,"minecraft:black_wool":1,"minecraft:warped_nylium":15,"minecraft:coal":192,"minecraft:hopper":1,"minecraft:ender_pearl":54},"minecraft:crafted":{"minecraft:grindstone":1,"minecraft:oak_planks":620,"minecraft:blaze_powder":46,"minecraft:oak_pressure_plate":1,"minecraft:cooked_chicken":13,"minecraft:stone":3,"minecraft:bookshelf":38,"minecraft:shulker_box":1,"minecraft:cooked_mutton":16,"minecraft:warped_planks":80,"minecraft:glass":5,"minecraft:diamond_helmet":4,"minecraft:diamond_leggings":1,"minecraft:iron_boots":2,"minecraft:chest":22,"minecraft:ender_eye":20,"minecraft:golden_boots":2,"minecraft:glass_bottle":3,"minecraft:oak_slab":6,"minecraft:cooked_porkchop":53,"minecraft:diamond_axe":1,"minecraft:crafting_table":12,"minecraft:wooden_pickaxe":1,"minecraft:iron_helmet":2,"minecraft:copper_ingot":2,"minecraft:birch_planks":20,"minecraft:lectern":1,"minecraft:iron_chestplate":2,"minecraft:book":109,"minecraft:paper":390,"minecraft:diamond_pickaxe":3,"minecraft:charcoal":5,"minecraft:shield":7,"minecraft:warped_fence_gate":2,"minecraft:stone_slab":6,"minecraft:stick":212,"minecraft:iron_pickaxe":3,"minecraft:iron_ingot":206,"minecraft:iron_block":10,"minecraft:gold_ingot":80,"minecraft:redstone_torch":5,"minecraft:golden_carrot":46,"minecraft:cherry_planks":20,"minecraft:oak_door":3,"minecraft:redstone":9,"minecraft:jukebox":1,"minecraft:spyglass":1,"minecraft:furnace":4,"minecraft:flint_and_steel":2,"minecraft:warped_fence":24,"minecraft:iron_axe":2,"minecraft:iron_hoe":1,"minecraft:stone_pickaxe":2,"minecraft:diamond_boots":2,"minecraft:redstone_block":1,"minecraft:minecart":1,"minecraft:wheat":135,"minecraft:cooked_beef":49,"minecraft:diamond_sword":3,"minecraft:enchanting_table":1,"minecraft:iron_sword":1,"minecraft:bucket":2,"minecraft:stone_axe":1,"minecraft:bread":13,"minecraft:air":0,"minecraft:oak_boat":2,"minecraft:gold_nugget":369,"minecraft:wooden_axe":1,"minecraft:iron_shovel":2,"minecraft:iron_leggings":1,"minecraft:anvil":1,"minecraft:white_bed":1,"minecraft:acacia_planks":32,"minecraft:torch":468,"minecraft:firework_rocket":90,"minecraft:diamond_chestplate":2,"minecraft:ender_chest":4},"minecraft:mined":{"minecraft:dragon_wall_head":2,"minecraft:large_amethyst_bud":1,"minecraft:white_bed":9,"minecraft:farmland":3,"minecraft:cherry_log":5,"minecraft:cobblestone_stairs":1,"minecraft:brewing_stand":3,"minecraft:obsidian":93,"minecraft:granite":15,"minecraft:chiseled_polished_blackstone":2,"minecraft:acacia_log":8,"minecraft:grass_block":253,"minecraft:cracked_polished_blackstone_bricks":28,"minecraft:soul_soil":3,"minecraft:purpur_slab":1,"minecraft:crimson_fungus":1,"minecraft:nether_wart":80,"minecraft:spawner":3,"minecraft:polished_blackstone_bricks":58,"minecraft:weeping_vines_plant":2,"minecraft:raw_iron_block":2,"minecraft:glowstone":2,"minecraft:iron_ore":130,"minecraft:barrel":1,"minecraft:cobbled_deepslate":6,"minecraft:fire":151,"minecraft:deepslate_lapis_ore":22,"minecraft:enchanting_table":2,"minecraft:pointed_dripstone":1,"minecraft:dirt_path":21,"minecraft:oak_stairs":1,"minecraft:iron_bars":8,"minecraft:deepslate_redstone_ore":12,"minecraft:brown_mushroom":1,"minecraft:blackstone":160,"minecraft:crimson_nylium":124,"minecraft:soul_fire":1,"minecraft:amethyst_cluster":1,"minecraft:purpur_stairs":2,"minecraft:torch":25,"minecraft:poppy":2,"minecraft:calcite":1,"minecraft:chest":3,"minecraft:nether_quartz_ore":485,"minecraft:cobblestone":49,"minecraft:oak_planks":83,"minecraft:sugar_cane":591,"minecraft:iron_door":3,"minecraft:wall_torch":30,"minecraft:amethyst_block":6,"minecraft:seagrass":1,"minecraft:warped_nylium":86,"minecraft:nether_wart_block":15,"minecraft:birch_log":6,"minecraft:wheat":458,"minecraft:purpur_block":6,"minecraft:oak_log":202,"minecraft:sand":20,"minecraft:dirt":115,"minecraft:smooth_basalt":4,"minecraft:netherrack":2908,"minecraft:oak_leaves":9,"minecraft:deepslate":282,"minecraft:tuff":26,"minecraft:mossy_cobblestone":2,"minecraft:deepslate_diamond_ore":115,"minecraft:oak_door":1,"minecraft:end_stone":25,"minecraft:shulker_box":1,"minecraft:nether_bricks":23,"minecraft:glow_lichen":1,"minecraft:crimson_roots":6,"minecraft:weeping_vines":1,"minecraft:red_mushroom":2,"minecraft:crimson_stem":2,"minecraft:hay_block":18,"minecraft:redstone_ore":7,"minecraft:oak_trapdoor":12,"minecraft:furnace":11,"minecraft:carrots":54,"minecraft:nether_sprouts":8,"minecraft:snow":15,"minecraft:andesite":10,"minecraft:gold_block":15,"minecraft:nether_brick_fence":2,"minecraft:bookshelf":5,"minecraft:potatoes":3,"minecraft:shroomlight":1,"minecraft:deepslate_iron_ore":137,"minecraft:rail":3,"minecraft:warped_stem":44,"minecraft:stone":269,"minecraft:white_wool":3,"minecraft:ender_chest":2,"minecraft:glass_pane":3,"minecraft:infested_stone_bricks":3,"minecraft:snow_block":67,"minecraft:basalt":117,"minecraft:warped_fence":4,"minecraft:crafting_table":30,"minecraft:short_grass":1412,"minecraft:emerald_ore":3,"minecraft:warped_roots":19,"minecraft:lectern":25,"minecraft:purpur_pillar":2,"minecraft:tall_grass":129,"minecraft:lapis_ore":13,"minecraft:deepslate_gold_ore":54,"minecraft:sculk":1,"minecraft:diorite":10,"minecraft:redstone_torch":1,"minecraft:birch_leaves":1,"minecraft:yellow_bed":2,"minecraft:coal_ore":121,"minecraft:end_rod":2,"minecraft:gravel":77,"minecraft:dripstone_block":1,"minecraft:cobweb":37,"minecraft:cracked_stone_bricks":9,"minecraft:stone_bricks":23,"minecraft:mossy_stone_bricks":14,"minecraft:gold_ore":4}},"DataVersion":3955}