{"stats":{"minecraft:killed_by":{"minecraft:creeper":1,"minecraft:skeleton":2},"minecraft:used":{"minecraft:iron_shovel":394,"minecraft:chest":8,"minecraft:shield":158,"minecraft:iron_sword":60,"minecraft:iron_chestplate":3,"minecraft:nether_bricks":16,"minecraft:carrot":117,"minecraft:tuff":14,"minecraft:obsidian":25,"minecraft:lava_bucket":71,"minecraft:warped_nylium":1,"minecraft:iron_helmet":1,"minecraft:furnace":14,"minecraft:egg":4,"minecraft:potato":3,"minecraft:golden_boots":1,"minecraft:diorite":6,"minecraft:diamond_boots":2,"minecraft:oak_planks":82,"minecraft:stone_pickaxe":58,"minecraft:blackstone":59,"minecraft:ender_pearl":6,"minecraft:wooden_pickaxe":6,"minecraft:sugar_cane":84,"minecraft:diamond_axe":441,"minecraft:dripstone_block":1,"minecraft:redstone_torch":5,"minecraft:bread":27,"minecraft:oak_pressure_plate":2,"minecraft:gravel":36,"minecraft:nether_wart_block":5,"minecraft:diamond_sword":473,"minecraft:grindstone":1,"minecraft:andesite":3,"minecraft:oak_boat":39,"minecraft:enchanting_table":3,"minecraft:flint_and_steel":7,"minecraft:cooked_chicken":13,"minecraft:netherrack":1039,"minecraft:oak_door":1,"minecraft:torch":351,"minecraft:dirt":233,"minecraft:granite":6,"minecraft:iron_hoe":352,"minecraft:wooden_axe":4,"minecraft:bookshelf":37,"minecraft:iron_axe":495,"minecraft:iron_boots":3,"minecraft:smooth_basalt":2,"minecraft:diamond_chestplate":2,"minecraft:basalt":4,"minecraft:golden_carrot":29,"minecraft:cooked_beef":98,"minecraft:cobbled_deepslate":229,"minecraft:iron_leggings":2,"minecraft:wheat_seeds":569,"minecraft:cooked_mutton":19,"minecraft:water_bucket":128,"minecraft:polished_blackstone_bricks":26,"minecraft:gilded_blackstone":6,"minecraft:mossy_cobblestone":1,"minecraft:crafting_table":34,"minecraft:white_bed":6,"minecraft:oak_log":4,"minecraft:diamond_pickaxe":2872,"minecraft:cracked_polished_blackstone_bricks":20,"minecraft:iron_pickaxe":373,"minecraft:stone_axe":61,"minecraft:cobblestone":140,"minecraft:cooked_porkchop":68,"minecraft:bucket":200,"minecraft:yellow_bed":1,"minecraft:diamond_leggings":2,"minecraft:jukebox":1},"minecraft:mined":{"minecraft:large_amethyst_bud":1,"minecraft:white_bed":7,"minecraft:cherry_log":5,"minecraft:brewing_stand":1,"minecraft:obsidian":34,"minecraft:granite":8,"minecraft:chiseled_polished_blackstone":2,"minecraft:grass_block":240,"minecraft:cracked_polished_blackstone_bricks":28,"minecraft:soul_soil":3,"minecraft:crimson_fungus":1,"minecraft:nether_wart":80,"minecraft:spawner":2,"minecraft:polished_blackstone_bricks":58,"minecraft:weeping_vines_plant":1,"minecraft:raw_iron_block":1,"minecraft:glowstone":2,"minecraft:cobbled_deepslate":5,"minecraft:iron_ore":130,"minecraft:fire":116,"minecraft:barrel":1,"minecraft:deepslate_lapis_ore":22,"minecraft:enchanting_table":2,"minecraft:pointed_dripstone":1,"minecraft:dirt_path":13,"minecraft:deepslate_redstone_ore":12,"minecraft:blackstone":81,"minecraft:crimson_nylium":42,"minecraft:soul_fire":1,"minecraft:amethyst_cluster":1,"minecraft:torch":17,"minecraft:calcite":1,"minecraft:nether_quartz_ore":399,"minecraft:cobblestone":44,"minecraft:sugar_cane":444,"minecraft:oak_planks":13,"minecraft:wall_torch":22,"minecraft:amethyst_block":6,"minecraft:seagrass":1,"minecraft:warped_nylium":86,"minecraft:nether_wart_block":15,"minecraft:birch_log":6,"minecraft:wheat":372,"minecraft:oak_log":138,"minecraft:dirt":87,"minecraft:smooth_basalt":4,"minecraft:netherrack":1310,"minecraft:oak_leaves":7,"minecraft:deepslate":217,"minecraft:tuff":16,"minecraft:mossy_cobblestone":2,"minecraft:deepslate_diamond_ore":110,"minecraft:glow_lichen":1,"minecraft:nether_bricks":23,"minecraft:crimson_roots":5,"minecraft:weeping_vines":1,"minecraft:crimson_stem":2,"minecraft:hay_block":18,"minecraft:redstone_ore":7,"minecraft:furnace":11,"minecraft:carrots":54,"minecraft:nether_sprouts":8,"minecraft:andesite":8,"minecraft:gold_block":15,"minecraft:nether_brick_fence":2,"minecraft:bookshelf":4,"minecraft:potatoes":3,"minecraft:deepslate_iron_ore":137,"minecraft:shroomlight":1,"minecraft:warped_stem":44,"minecraft:stone":218,"minecraft:glass_pane":1,"minecraft:basalt":4,"minecraft:crafting_table":24,"minecraft:short_grass":1385,"minecraft:emerald_ore":3,"minecraft:warped_roots":19,"minecraft:tall_grass":128,"minecraft:lapis_ore":13,"minecraft:deepslate_gold_ore":54,"minecraft:sculk":1,"minecraft:diorite":8,"minecraft:redstone_torch":1,"minecraft:yellow_bed":2,"minecraft:coal_ore":117,"minecraft:gravel":65,"minecraft:dripstone_block":1,"minecraft:cobweb":37,"minecraft:gold_ore":4},"minecraft:crafted":{"minecraft:grindstone":1,"minecraft:oak_planks":476,"minecraft:oak_pressure_plate":1,"minecraft:cooked_chicken":13,"minecraft:stone":3,"minecraft:bookshelf":37,"minecraft:cooked_mutton":16,"minecraft:warped_planks":28,"minecraft:diamond_helmet":3,"minecraft:diamond_leggings":1,"minecraft:iron_boots":2,"minecraft:chest":8,"minecraft:golden_boots":2,"minecraft:diamond_axe":1,"minecraft:cooked_porkchop":53,"minecraft:crafting_table":11,"minecraft:wooden_pickaxe":1,"minecraft:iron_helmet":2,"minecraft:birch_planks":20,"minecraft:diamond_pickaxe":3,"minecraft:iron_chestplate":2,"minecraft:book":109,"minecraft:paper":327,"minecraft:charcoal":5,"minecraft:shield":6,"minecraft:stick":148,"minecraft:stone_slab":6,"minecraft:iron_ingot":206,"minecraft:iron_pickaxe":3,"minecraft:iron_block":7,"minecraft:gold_ingot":80,"minecraft:redstone_torch":5,"minecraft:golden_carrot":46,"minecraft:cherry_planks":20,"minecraft:oak_door":3,"minecraft:redstone":9,"minecraft:jukebox":1,"minecraft:furnace":4,"minecraft:flint_and_steel":2,"minecraft:iron_axe":2,"minecraft:iron_hoe":1,"minecraft:stone_pickaxe":2,"minecraft:diamond_boots":1,"minecraft:redstone_block":1,"minecraft:wheat":135,"minecraft:cooked_beef":18,"minecraft:diamond_sword":3,"minecraft:enchanting_table":1,"minecraft:iron_sword":1,"minecraft:bucket":2,"minecraft:stone_axe":1,"minecraft:bread":13,"minecraft:air":0,"minecraft:oak_boat":2,"minecraft:gold_nugget":369,"minecraft:wooden_axe":1,"minecraft:iron_shovel":2,"minecraft:iron_leggings":1,"minecraft:torch":372,"minecraft:diamond_chestplate":1},"minecraft:custom":{"minecraft:animals_bred":116,"minecraft:interact_with_crafting_table":115,"minecraft:open_barrel":12,"minecraft:bell_ring":1,"minecraft:leave_game":20,"minecraft:time_since_death":373046,"minecraft:sprint_one_cm":1860935,"minecraft:damage_blocked_by_shield":10190,"minecraft:drop":143,"minecraft:talked_to_villager":6,"minecraft:play_time":504817,"minecraft:deaths":3,"minecraft:jump":15827,"minecraft:interact_with_brewingstand":1,"minecraft:walk_on_water_one_cm":110289,"minecraft:enchant_item":12,"minecraft:interact_with_furnace":239,"minecraft:play_record":2,"minecraft:sleep_in_bed":13,"minecraft:damage_dealt":89080,"minecraft:crouch_one_cm":149496,"minecraft:horse_one_cm":1334,"minecraft:mob_kills":571,"minecraft:climb_one_cm":2558,"minecraft:walk_one_cm":1304718,"minecraft:sneak_time":39792,"minecraft:walk_under_water_one_cm":59362,"minecraft:boat_one_cm":9710,"minecraft:total_world_time":504817,"minecraft:interact_with_grindstone":4,"minecraft:time_since_rest":70502,"minecraft:damage_taken":17018,"minecraft:swim_one_cm":153352,"minecraft:fly_one_cm":2551074,"minecraft:open_chest":263,"minecraft:fall_one_cm":487501},"minecraft:dropped":{"minecraft:iron_sword":1,"minecraft:birch_planks":8,"minecraft:porkchop":2,"minecraft:warped_fungus":1,"minecraft:cooked_beef":382,"minecraft:diamond":31,"minecraft:cooked_porkchop":4,"minecraft:warped_roots":9,"minecraft:emerald":1,"minecraft:crimson_roots":1,"minecraft:gold_nugget":1,"minecraft:polished_blackstone_bricks":5,"minecraft:iron_pickaxe":2,"minecraft:white_wool":1,"minecraft:gold_ingot":2,"minecraft:bone":3,"minecraft:gravel":36,"minecraft:stone_axe":1,"minecraft:cobbled_deepslate":16,"minecraft:wheat":9,"minecraft:rotten_flesh":32,"minecraft:oak_planks":19,"minecraft:warped_planks":2,"minecraft:arrow":11,"minecraft:warped_wart_block":1,"minecraft:quartz":30,"minecraft:golden_boots":2,"minecraft:wheat_seeds":89,"minecraft:iron_helmet":5,"minecraft:golden_axe":1,"minecraft:feather":3,"minecraft:cobblestone":5,"minecraft:granite":3,"minecraft:coal":1,"minecraft:diamond_horse_armor":1,"minecraft:diorite":1,"minecraft:golden_carrot":23,"minecraft:torch":84,"minecraft:nether_wart_block":7,"minecraft:wooden_axe":1,"minecraft:diamond_helmet":1,"minecraft:iron_leggings":3,"minecraft:pink_petals":2,"minecraft:bucket":1,"minecraft:dandelion":1,"minecraft:smooth_basalt":2,"minecraft:warped_nylium":3,"minecraft:stone_sword":1,"minecraft:light_gray_wool":1,"minecraft:iron_boots":2,"minecraft:nether_bricks":4,"minecraft:flint_and_steel":1,"minecraft:diamond_sword":2,"minecraft:potato":2,"minecraft:shield":4,"minecraft:iron_chestplate":2,"minecraft:andesite":5,"minecraft:oak_sapling":1,"minecraft:golden_sword":1,"minecraft:redstone_torch":6,"minecraft:spider_eye":1,"minecraft:bow":1,"minecraft:stone_pickaxe":2,"minecraft:calcite":1},"minecraft:killed":{"minecraft:cave_spider":1,"minecraft:witch":1,"minecraft:spider":10,"minecraft:skeleton":39,"minecraft:chicken":13,"minecraft:piglin_brute":1,"minecraft:magma_cube":47,"minecraft:piglin":32,"minecraft:pig":22,"minecraft:zombie_villager":1,"minecraft:iron_golem":1,"minecraft:creeper":9,"minecraft:sheep":12,"minecraft:zombie":61,"minecraft:ghast":2,"minecraft:cow":201,"minecraft:blaze":42,"minecraft:hoglin":8,"minecraft:wither_skeleton":13,"minecraft:enderman":46},"minecraft:picked_up":{"minecraft:wheat":365,"minecraft:iron_chestplate":3,"minecraft:diamond_sword":2,"minecraft:brewing_stand":1,"minecraft:golden_sword":1,"minecraft:amethyst_block":10,"minecraft:music_disc_cat":3,"minecraft:string":69,"minecraft:soul_soil":2,"minecraft:iron_leggings":4,"minecraft:diamond_leggings":1,"minecraft:gold_nugget":1,"minecraft:cobbled_deepslate":296,"minecraft:redstone_torch":6,"minecraft:calcite":2,"minecraft:iron_pickaxe":5,"minecraft:furnace":11,"minecraft:iron_boots":3,"minecraft:stick":19,"minecraft:music_disc_blocks":1,"minecraft:torch":151,"minecraft:porkchop":62,"minecraft:cherry_log":5,"minecraft:pointed_dripstone":9,"minecraft:diorite":13,"minecraft:stone_sword":1,"minecraft:rotten_flesh":53,"minecraft:blaze_rod":25,"minecraft:obsidian":37,"minecraft:cod":2,"minecraft:cobblestone":294,"minecraft:birch_log":10,"minecraft:enchanting_table":2,"minecraft:pink_petals":2,"minecraft:feather":7,"minecraft:cooked_beef":562,"minecraft:magma_cream":3,"minecraft:water_bucket":4,"minecraft:andesite":10,"minecraft:potato":5,"minecraft:flint":5,"minecraft:tuff":14,"minecraft:lapis_lazuli":253,"minecraft:dirt":499,"minecraft:bone":45,"minecraft:bow":3,"minecraft:wheat_seeds":1183,"minecraft:raw_gold":75,"minecraft:diamond_helmet":2,"minecraft:glowstone_dust":11,"minecraft:oak_planks":117,"minecraft:ghast_tear":1,"minecraft:cooked_porkchop":65,"minecraft:warped_wart_block":4,"minecraft:oak_pressure_plate":1,"minecraft:barrel":2,"minecraft:mossy_cobblestone":2,"minecraft:iron_hoe":3,"minecraft:diamond":130,"minecraft:cracked_polished_blackstone_bricks":20,"minecraft:granite":11,"minecraft:golden_apple":2,"minecraft:emerald":5,"minecraft:bread":31,"minecraft:oak_sapling":2,"minecraft:netherrack":1110,"minecraft:crimson_roots":5,"minecraft:diamond_pickaxe":2,"minecraft:crafting_table":28,"minecraft:chicken":14,"minecraft:nether_wart":80,"minecraft:gold_block":15,"minecraft:diamond_horse_armor":1,"minecraft:shield":4,"minecraft:iron_axe":4,"minecraft:flint_and_steel":1,"minecraft:iron_shovel":2,"minecraft:blackstone":61,"minecraft:beef":17,"minecraft:oak_boat":40,"minecraft:light_gray_wool":2,"minecraft:sugar_cane":653,"minecraft:egg":4,"minecraft:raw_iron":354,"minecraft:polished_blackstone_bricks":57,"minecraft:carrot":205,"minecraft:redstone":106,"minecraft:arrow":53,"minecraft:diamond_chestplate":1,"minecraft:nether_bricks":20,"minecraft:diamond_boots":1,"minecraft:hay_block":16,"minecraft:mutton":13,"minecraft:white_wool":12,"minecraft:basalt":4,"minecraft:golden_carrot":21,"minecraft:glow_ink_sac":3,"minecraft:salmon":4,"minecraft:leather":193,"minecraft:crimson_fungus":1,"minecraft:oak_log":200,"minecraft:yellow_bed":1,"minecraft:golden_boots":1,"minecraft:nether_wart_block":12,"minecraft:gunpowder":7,"minecraft:cooked_mutton":17,"minecraft:apple":6,"minecraft:warped_stem":36,"minecraft:iron_ingot":30,"minecraft:stone_pickaxe":2,"minecraft:iron_sword":3,"minecraft:book":19,"minecraft:smooth_basalt":4,"minecraft:warped_fungus":1,"minecraft:quartz":604,"minecraft:dandelion":1,"minecraft:raw_iron_block":1,"minecraft:dripstone_block":1,"minecraft:gravel":117,"minecraft:amethyst_shard":8,"minecraft:white_bed":6,"minecraft:spider_eye":3,"minecraft:stone_axe":1,"minecraft:iron_helmet":5,"minecraft:warped_roots":38,"minecraft:warped_nylium":11,"minecraft:coal":192,"minecraft:hopper":1,"minecraft:ender_pearl":21},"minecraft:broken":{"minecraft:iron_shovel":1,"minecraft:diamond_helmet":1,"minecraft:diamond_boots":1,"minecraft:iron_hoe":1,"minecraft:diamond_chestplate":1,"minecraft:diamond_leggings":1,"minecraft:shield":2,"minecraft:iron_axe":2}},"DataVersion":3955}