{"stats":{"minecraft:killed_by":{"minecraft:creeper":1,"minecraft:skeleton":2},"minecraft:used":{"minecraft:iron_shovel":391,"minecraft:chest":8,"minecraft:shield":108,"minecraft:iron_sword":60,"minecraft:iron_chestplate":3,"minecraft:carrot":117,"minecraft:tuff":14,"minecraft:obsidian":14,"minecraft:lava_bucket":59,"minecraft:warped_nylium":1,"minecraft:iron_helmet":1,"minecraft:furnace":14,"minecraft:egg":4,"minecraft:potato":3,"minecraft:golden_boots":1,"minecraft:diorite":6,"minecraft:diamond_boots":2,"minecraft:oak_planks":82,"minecraft:stone_pickaxe":58,"minecraft:blackstone":59,"minecraft:ender_pearl":1,"minecraft:wooden_pickaxe":6,"minecraft:sugar_cane":76,"minecraft:diamond_axe":242,"minecraft:dripstone_block":1,"minecraft:redstone_torch":5,"minecraft:bread":27,"minecraft:oak_pressure_plate":2,"minecraft:gravel":36,"minecraft:diamond_sword":123,"minecraft:andesite":3,"minecraft:oak_boat":12,"minecraft:enchanting_table":3,"minecraft:flint_and_steel":3,"minecraft:cooked_chicken":13,"minecraft:netherrack":215,"minecraft:oak_door":1,"minecraft:torch":321,"minecraft:dirt":185,"minecraft:granite":6,"minecraft:iron_hoe":352,"minecraft:wooden_axe":4,"minecraft:bookshelf":9,"minecraft:iron_axe":495,"minecraft:iron_boots":2,"minecraft:smooth_basalt":2,"minecraft:diamond_chestplate":2,"minecraft:basalt":4,"minecraft:golden_carrot":24,"minecraft:cooked_beef":15,"minecraft:cobbled_deepslate":229,"minecraft:iron_leggings":2,"minecraft:wheat_seeds":392,"minecraft:cooked_mutton":19,"minecraft:water_bucket":122,"minecraft:polished_blackstone_bricks":26,"minecraft:gilded_blackstone":6,"minecraft:mossy_cobblestone":1,"minecraft:crafting_table":29,"minecraft:white_bed":6,"minecraft:oak_log":4,"minecraft:diamond_pickaxe":1271,"minecraft:cracked_polished_blackstone_bricks":20,"minecraft:iron_pickaxe":373,"minecraft:stone_axe":61,"minecraft:cobblestone":138,"minecraft:cooked_porkchop":49,"minecraft:bucket":181,"minecraft:yellow_bed":1,"minecraft:diamond_leggings":2,"minecraft:jukebox":1},"minecraft:crafted":{"minecraft:oak_planks":368,"minecraft:oak_pressure_plate":1,"minecraft:cooked_chicken":13,"minecraft:bookshelf":9,"minecraft:cooked_mutton":16,"minecraft:diamond_helmet":1,"minecraft:diamond_leggings":1,"minecraft:iron_boots":1,"minecraft:chest":8,"minecraft:golden_boots":2,"minecraft:diamond_axe":1,"minecraft:cooked_porkchop":53,"minecraft:crafting_table":10,"minecraft:wooden_pickaxe":1,"minecraft:iron_helmet":2,"minecraft:birch_planks":20,"minecraft:diamond_pickaxe":2,"minecraft:iron_chestplate":1,"minecraft:book":19,"minecraft:paper":57,"minecraft:charcoal":5,"minecraft:shield":4,"minecraft:stick":144,"minecraft:iron_ingot":155,"minecraft:iron_pickaxe":3,"minecraft:iron_block":7,"minecraft:gold_ingot":80,"minecraft:redstone_torch":5,"minecraft:golden_carrot":46,"minecraft:cherry_planks":20,"minecraft:oak_door":3,"minecraft:redstone":9,"minecraft:jukebox":1,"minecraft:furnace":4,"minecraft:flint_and_steel":2,"minecraft:iron_axe":2,"minecraft:iron_hoe":1,"minecraft:stone_pickaxe":2,"minecraft:diamond_boots":1,"minecraft:redstone_block":1,"minecraft:wheat":135,"minecraft:cooked_beef":13,"minecraft:diamond_sword":1,"minecraft:enchanting_table":1,"minecraft:iron_sword":1,"minecraft:bucket":1,"minecraft:stone_axe":1,"minecraft:bread":13,"minecraft:air":0,"minecraft:oak_boat":2,"minecraft:gold_nugget":369,"minecraft:wooden_axe":1,"minecraft:iron_shovel":2,"minecraft:iron_leggings":1,"minecraft:torch":372,"minecraft:diamond_chestplate":1},"minecraft:mined":{"minecraft:large_amethyst_bud":1,"minecraft:white_bed":7,"minecraft:cherry_log":5,"minecraft:brewing_stand":1,"minecraft:obsidian":23,"minecraft:granite":8,"minecraft:chiseled_polished_blackstone":2,"minecraft:grass_block":237,"minecraft:cracked_polished_blackstone_bricks":28,"minecraft:spawner":2,"minecraft:polished_blackstone_bricks":58,"minecraft:raw_iron_block":1,"minecraft:glowstone":2,"minecraft:cobbled_deepslate":5,"minecraft:iron_ore":130,"minecraft:fire":33,"minecraft:barrel":1,"minecraft:deepslate_lapis_ore":22,"minecraft:enchanting_table":2,"minecraft:pointed_dripstone":1,"minecraft:dirt_path":13,"minecraft:deepslate_redstone_ore":12,"minecraft:blackstone":81,"minecraft:amethyst_cluster":1,"minecraft:torch":10,"minecraft:calcite":1,"minecraft:nether_quartz_ore":62,"minecraft:cobblestone":43,"minecraft:sugar_cane":222,"minecraft:oak_planks":13,"minecraft:wall_torch":21,"minecraft:amethyst_block":6,"minecraft:seagrass":1,"minecraft:warped_nylium":60,"minecraft:birch_log":5,"minecraft:wheat":196,"minecraft:oak_log":134,"minecraft:dirt":87,"minecraft:smooth_basalt":4,"minecraft:netherrack":168,"minecraft:oak_leaves":5,"minecraft:deepslate":217,"minecraft:tuff":16,"minecraft:mossy_cobblestone":2,"minecraft:deepslate_diamond_ore":110,"minecraft:glow_lichen":1,"minecraft:crimson_roots":1,"minecraft:hay_block":18,"minecraft:redstone_ore":7,"minecraft:furnace":11,"minecraft:carrots":54,"minecraft:nether_sprouts":8,"minecraft:andesite":8,"minecraft:gold_block":15,"minecraft:bookshelf":4,"minecraft:potatoes":3,"minecraft:deepslate_iron_ore":137,"minecraft:stone":218,"minecraft:glass_pane":1,"minecraft:basalt":4,"minecraft:crafting_table":20,"minecraft:short_grass":1385,"minecraft:emerald_ore":3,"minecraft:warped_roots":1,"minecraft:tall_grass":128,"minecraft:lapis_ore":13,"minecraft:deepslate_gold_ore":54,"minecraft:sculk":1,"minecraft:diorite":8,"minecraft:redstone_torch":1,"minecraft:yellow_bed":2,"minecraft:coal_ore":117,"minecraft:gravel":65,"minecraft:dripstone_block":1,"minecraft:cobweb":37,"minecraft:gold_ore":4},"minecraft:custom":{"minecraft:animals_bred":53,"minecraft:interact_with_crafting_table":92,"minecraft:open_barrel":8,"minecraft:bell_ring":1,"minecraft:leave_game":11,"minecraft:time_since_death":234592,"minecraft:sprint_one_cm":1356040,"minecraft:damage_blocked_by_shield":6777,"minecraft:drop":96,"minecraft:talked_to_villager":6,"minecraft:play_time":366363,"minecraft:deaths":3,"minecraft:jump":11112,"minecraft:interact_with_brewingstand":1,"minecraft:walk_on_water_one_cm":96117,"minecraft:enchant_item":7,"minecraft:interact_with_furnace":230,"minecraft:play_record":1,"minecraft:sleep_in_bed":9,"minecraft:damage_dealt":46650,"minecraft:crouch_one_cm":98814,"minecraft:horse_one_cm":1334,"minecraft:mob_kills":308,"minecraft:climb_one_cm":1088,"minecraft:walk_one_cm":926289,"minecraft:sneak_time":29609,"minecraft:walk_under_water_one_cm":57880,"minecraft:boat_one_cm":374,"minecraft:total_world_time":366363,"minecraft:time_since_rest":6227,"minecraft:damage_taken":8515,"minecraft:swim_one_cm":136655,"minecraft:fly_one_cm":1762564,"minecraft:open_chest":174,"minecraft:fall_one_cm":347774},"minecraft:dropped":{"minecraft:birch_planks":8,"minecraft:diamond":31,"minecraft:cooked_porkchop":4,"minecraft:warped_roots":3,"minecraft:emerald":1,"minecraft:crimson_roots":1,"minecraft:polished_blackstone_bricks":5,"minecraft:iron_pickaxe":2,"minecraft:white_wool":1,"minecraft:gravel":36,"minecraft:stone_axe":1,"minecraft:cobbled_deepslate":16,"minecraft:wheat":9,"minecraft:rotten_flesh":32,"minecraft:oak_planks":13,"minecraft:arrow":11,"minecraft:warped_wart_block":1,"minecraft:golden_boots":2,"minecraft:wheat_seeds":89,"minecraft:iron_helmet":5,"minecraft:golden_axe":1,"minecraft:feather":3,"minecraft:cobblestone":5,"minecraft:granite":3,"minecraft:diorite":1,"minecraft:golden_carrot":23,"minecraft:torch":84,"minecraft:wooden_axe":1,"minecraft:iron_leggings":3,"minecraft:pink_petals":2,"minecraft:bucket":1,"minecraft:dandelion":1,"minecraft:smooth_basalt":2,"minecraft:warped_nylium":1,"minecraft:light_gray_wool":1,"minecraft:iron_boots":2,"minecraft:flint_and_steel":1,"minecraft:potato":2,"minecraft:shield":2,"minecraft:iron_chestplate":2,"minecraft:andesite":5,"minecraft:oak_sapling":1,"minecraft:redstone_torch":6,"minecraft:spider_eye":1,"minecraft:bow":1,"minecraft:stone_pickaxe":2,"minecraft:calcite":1},"minecraft:killed":{"minecraft:cave_spider":1,"minecraft:witch":1,"minecraft:spider":9,"minecraft:skeleton":39,"minecraft:chicken":13,"minecraft:piglin_brute":1,"minecraft:magma_cube":17,"minecraft:piglin":10,"minecraft:pig":21,"minecraft:zombie_villager":1,"minecraft:iron_golem":1,"minecraft:creeper":9,"minecraft:sheep":12,"minecraft:zombie":61,"minecraft:ghast":2,"minecraft:cow":92,"minecraft:hoglin":2,"minecraft:enderman":12},"minecraft:picked_up":{"minecraft:iron_chestplate":3,"minecraft:wheat":195,"minecraft:diamond_sword":1,"minecraft:brewing_stand":1,"minecraft:amethyst_block":10,"minecraft:music_disc_cat":1,"minecraft:string":69,"minecraft:iron_leggings":4,"minecraft:diamond_leggings":1,"minecraft:cobbled_deepslate":296,"minecraft:redstone_torch":6,"minecraft:calcite":2,"minecraft:iron_pickaxe":5,"minecraft:furnace":11,"minecraft:iron_boots":3,"minecraft:stick":19,"minecraft:music_disc_blocks":1,"minecraft:torch":145,"minecraft:porkchop":60,"minecraft:cherry_log":5,"minecraft:pointed_dripstone":9,"minecraft:diorite":13,"minecraft:rotten_flesh":53,"minecraft:obsidian":26,"minecraft:cod":2,"minecraft:cobblestone":237,"minecraft:birch_log":10,"minecraft:enchanting_table":2,"minecraft:pink_petals":2,"minecraft:feather":7,"minecraft:cooked_beef":150,"minecraft:magma_cream":1,"minecraft:water_bucket":4,"minecraft:andesite":10,"minecraft:potato":5,"minecraft:flint":5,"minecraft:tuff":14,"minecraft:lapis_lazuli":253,"minecraft:dirt":479,"minecraft:bone":28,"minecraft:bow":3,"minecraft:wheat_seeds":718,"minecraft:raw_gold":75,"minecraft:diamond_helmet":1,"minecraft:glowstone_dust":11,"minecraft:oak_planks":114,"minecraft:ghast_tear":1,"minecraft:cooked_porkchop":46,"minecraft:warped_wart_block":1,"minecraft:oak_pressure_plate":1,"minecraft:barrel":2,"minecraft:mossy_cobblestone":2,"minecraft:iron_hoe":3,"minecraft:diamond":130,"minecraft:cracked_polished_blackstone_bricks":20,"minecraft:granite":11,"minecraft:golden_apple":2,"minecraft:bread":31,"minecraft:emerald":5,"minecraft:oak_sapling":2,"minecraft:netherrack":217,"minecraft:diamond_pickaxe":2,"minecraft:crimson_roots":1,"minecraft:crafting_table":23,"minecraft:chicken":14,"minecraft:gold_block":15,"minecraft:shield":2,"minecraft:iron_axe":4,"minecraft:flint_and_steel":1,"minecraft:iron_shovel":2,"minecraft:blackstone":61,"minecraft:beef":17,"minecraft:oak_boat":12,"minecraft:light_gray_wool":2,"minecraft:sugar_cane":345,"minecraft:egg":4,"minecraft:raw_iron":354,"minecraft:polished_blackstone_bricks":57,"minecraft:carrot":205,"minecraft:redstone":106,"minecraft:arrow":52,"minecraft:diamond_chestplate":1,"minecraft:diamond_boots":1,"minecraft:hay_block":16,"minecraft:mutton":13,"minecraft:white_wool":12,"minecraft:basalt":4,"minecraft:golden_carrot":21,"minecraft:glow_ink_sac":3,"minecraft:salmon":4,"minecraft:leather":88,"minecraft:oak_log":197,"minecraft:golden_boots":1,"minecraft:yellow_bed":1,"minecraft:gunpowder":7,"minecraft:cooked_mutton":17,"minecraft:apple":6,"minecraft:iron_ingot":30,"minecraft:stone_pickaxe":2,"minecraft:iron_sword":2,"minecraft:book":12,"minecraft:smooth_basalt":4,"minecraft:quartz":58,"minecraft:dandelion":1,"minecraft:raw_iron_block":1,"minecraft:dripstone_block":1,"minecraft:gravel":117,"minecraft:amethyst_shard":8,"minecraft:white_bed":6,"minecraft:spider_eye":2,"minecraft:stone_axe":1,"minecraft:iron_helmet":5,"minecraft:warped_roots":6,"minecraft:warped_nylium":2,"minecraft:coal":189,"minecraft:hopper":1,"minecraft:ender_pearl":6},"minecraft:broken":{"minecraft:iron_shovel":1,"minecraft:iron_hoe":1,"minecraft:iron_axe":2}},"DataVersion":3955}